date,implied_div_amount,Close,ticker,trailing_12m_dividend,dividend_yield
2015-01-31,0.0,96.9499969482422,AMT,0.0,0.0
2015-02-28,0.0,99.13999938964844,AMT,0.0,0.0
2015-03-31,0.0,94.1500015258789,AMT,0.0,0.0
2015-04-30,0.42035140820898076,94.52999877929688,AMT,0.42035140820898076,0.00444675144014751
2015-05-31,0.0,92.79000091552734,AMT,0.42035140820898076,0.004530136911968062
2015-06-30,0.43763177745948545,93.29000091552734,AMT,0.8579831856684662,0.009196946910155535
2015-07-31,0.0,95.11000061035156,AMT,0.8579831856684662,0.009020956578304188
2015-08-31,0.0,92.19000244140624,AMT,0.8579831856684662,0.009306683620209033
2015-09-30,0.4618561236062317,87.9800033569336,AMT,1.3198393092746978,0.015001582847412825
2015-10-31,0.0,102.2300033569336,AMT,1.3198393092746978,0.01291048876000239
2015-11-30,0.0,99.37999725341795,AMT,1.3198393092746978,0.013280734008365097
2015-12-31,0.49449800674902533,96.9499969482422,AMT,1.8143373160237233,0.018714155473283065
2016-01-31,0.0,94.33999633789062,AMT,1.8143373160237233,0.01923189936880477
2016-02-29,0.0,92.1999969482422,AMT,1.8143373160237233,0.01967827956699638
2016-03-31,0.0,102.37000274658205,AMT,1.8143373160237233,0.017723329758182513
2016-04-30,0.5159260680625177,104.87999725341795,AMT,1.9099119758772602,0.018210450285028185
2016-05-31,0.0,105.77999877929688,AMT,1.9099119758772602,0.01805551141914993
2016-06-30,0.5307226822929118,113.61000061035156,AMT,2.0030028807106866,0.01763051553516305
2016-07-31,0.0,115.7699966430664,AMT,2.0030028807106866,0.017301571553864675
2016-08-31,0.0,113.37999725341795,AMT,2.0030028807106866,0.017666280906972805
2016-09-30,0.5529592061330363,113.33000183105467,AMT,2.0941059632374914,0.018477948728521636
2016-10-31,0.0,117.19000244140624,AMT,2.0941059632374914,0.017869322635132825
2016-11-30,0.0,102.2699966430664,AMT,2.0941059632374914,0.020476249457073444
2016-12-31,0.5800894232225557,105.68000030517578,AMT,2.1796973797110217,0.02062544827229972
2017-01-31,0.0,103.5,AMT,2.1796973797110217,0.02105987806484079
2017-02-28,0.0,114.79000091552734,AMT,2.1796973797110217,0.018988564877833184
2017-03-31,0.0,121.54000091552734,AMT,2.1796973797110217,0.017933991799341468
2017-04-30,0.6249852667851972,125.94000244140624,AMT,2.288756578433701,0.018173388391814177
2017-05-31,0.0,131.19000244140625,AMT,2.288756578433701,0.01744612040430394
2017-06-30,0.6449527874333327,132.32000732421875,AMT,2.402986683574122,0.01816041830836794
2017-07-31,0.0,136.3300018310547,AMT,2.402986683574122,0.017626249917842694
2017-08-31,0.0,148.0500030517578,AMT,2.402986683574122,0.01623091275948198
2017-09-30,0.6699330019048816,136.67999267578125,AMT,2.519960479345967,0.018436937477188546
2017-10-31,0.0,143.6699981689453,AMT,2.519960479345967,0.017539921427316228
2017-11-30,0.0,143.92999267578125,AMT,2.519960479345967,0.017508237390260042
2017-12-31,0.7067425434246022,142.6699981689453,AMT,2.646613599548014,0.018550596716304556
2018-01-31,0.0,147.6999969482422,AMT,2.646613599548014,0.017918846677264687
2018-02-28,0.0,139.3300018310547,AMT,2.646613599548014,0.01899528862963182
2018-03-31,0.0,145.33999633789062,AMT,2.646613599548014,0.018209809180090318
2018-04-30,0.7234910739836219,136.36000061035156,AMT,2.745119406746438,0.02013141239703138
2018-05-31,0.0,138.3699951171875,AMT,2.745119406746438,0.01983897885102589
2018-06-30,0.7724529735592576,144.1699981689453,AMT,2.872619592872363,0.01992522459149989
2018-07-31,0.0,148.24000549316406,AMT,2.872619592872363,0.01937816706978489
2018-08-31,0.0,149.1199951171875,AMT,2.872619592872363,0.01926381227825876
2018-09-30,0.7912829226140824,145.3000030517578,AMT,2.9939695135815643,0.020605433246378337
2018-10-31,0.0,155.80999755859375,AMT,2.9939695135815643,0.019215516080446988
2018-11-30,0.0,164.49000549316406,AMT,2.9939695135815643,0.01820152844305175
2018-12-31,0.8663241992413406,158.19000244140625,AMT,3.1535511693983023,0.019935211585614464
2019-01-31,0.0,172.83999633789062,AMT,3.1535511693983023,0.01824549430811906
2019-02-28,0.0,176.14999389648438,AMT,3.1535511693983023,0.01790264705459772
2019-03-31,0.0,197.05999755859375,AMT,3.1535511693983023,0.01600300014446426
2019-04-30,0.9036297326684782,195.3000030517578,AMT,3.333689828083159,0.017069584106456336
2019-05-31,0.0,208.77000427246097,AMT,3.333689828083159,0.015968241413323134
2019-06-30,0.9252977952313647,204.4499969482422,AMT,3.4865346497552663,0.0170532389425171
2019-07-31,0.0,211.6199951171875,AMT,3.4865346497552663,0.016475450005679047
2019-08-31,0.0,230.19000244140625,AMT,3.4865346497552663,0.01514633395359013
2019-09-30,0.9582060899595445,221.1300048828125,AMT,3.653457817100728,0.016521764285388915
2019-10-31,0.0,218.0800018310547,AMT,3.653457817100728,0.01675283284310975
2019-11-30,0.0,214.02999877929688,AMT,3.653457817100728,0.017069839919347452
2019-12-31,1.0179903276577449,229.82000732421875,AMT,3.805123945517132,0.01655697425920386
2020-01-31,0.0,231.7400054931641,AMT,3.805123945517132,0.016419797425220033
2020-02-29,0.0,226.8000030517578,AMT,3.805123945517132,0.016777442214799126
2020-03-31,0.0,217.75,AMT,3.805123945517132,0.01747473683360336
2020-04-30,1.043363438388667,238.0,AMT,3.944857651237321,0.01657503214805597
2020-05-31,0.0,258.1700134277344,AMT,3.944857651237321,0.01528007687206301
2020-06-30,1.0779494844744077,258.5400085449219,AMT,4.097509340480364,0.01584864703742134
2020-07-31,0.0,261.3900146484375,AMT,4.097509340480364,0.015675844947602165
2020-08-31,0.0,249.1499938964844,AMT,4.097509340480364,0.016445954007058002
2020-09-30,1.163132460374293,241.72999572753903,AMT,4.302435710895113,0.017798518127409037
2020-10-31,0.0,229.6499938964844,AMT,4.302435710895113,0.018734752123853535
2020-11-30,0.0,231.1999969482422,AMT,4.302435710895113,0.018609151244315465
2020-12-31,1.2237609232805062,224.4600067138672,AMT,4.508206306517874,0.0200846750943243
2021-01-31,0.0,227.36000061035156,AMT,4.508206306517874,0.019828493553903596
2021-02-28,0.0,216.1300048828125,AMT,4.508206306517874,0.020858771131580092
2021-03-31,0.0,239.05999755859375,AMT,4.508206306517874,0.018858053846557535
2021-04-30,1.252186660219696,254.77000427246097,AMT,4.717029528348903,0.018514854375495195
2021-05-31,0.0,255.4600067138672,AMT,4.717029528348903,0.018464845394106255
2021-06-30,1.2903228342547362,270.1400146484375,AMT,4.929402878129231,0.018247584996041396
2021-07-31,0.0,282.79998779296875,AMT,4.929402878129231,0.01743070399896174
2021-08-31,0.0,292.1700134277344,AMT,4.929402878129231,0.016871693368862697
2021-09-30,1.2784701393957834,265.4100036621094,AMT,5.044740557150722,0.019007348960264236
2021-10-31,0.0,281.9700012207031,AMT,5.044740557150722,0.017891054138068078
2021-11-30,0.0,262.4800109863281,AMT,5.044740557150722,0.01921952280554228
2021-12-31,1.3844508557625292,292.5,AMT,5.205430489632745,0.017796343554299984
2022-01-31,0.0,251.5,AMT,5.205430489632745,0.020697536738102366
2022-02-28,0.0,226.8699951171875,AMT,5.205430489632745,0.022944552394175925
2022-03-31,0.0,251.22000122070312,AMT,5.205430489632745,0.02072060530347519
2022-04-30,1.3746772839936525,241.02000427246097,AMT,5.327921113406702,0.022105721595555843
2022-05-31,0.0,256.1300048828125,AMT,5.327921113406702,0.020801628125702777
2022-06-30,1.3954317484258079,255.58999633789065,AMT,5.433030027577773,0.021256817971839922
2022-07-31,0.0,270.8299865722656,AMT,5.433030027577773,0.020060666458468684
2022-08-31,0.0,254.0500030517578,AMT,5.433030027577773,0.021385671963447674
2022-09-30,0.0,214.6999969482422,AMT,4.15455988818199,0.019350535385352294
2022-10-31,1.4191372771357744,207.19000244140625,AMT,5.573697165317764,0.026901380856414716
2022-11-30,0.0,221.25,AMT,5.573697165317764,0.02519185159465656
2022-12-31,1.560070922729931,211.86000061035156,AMT,5.749317232285166,0.027137341714914786
2023-01-31,0.0,223.38999938964844,AMT,5.749317232285166,0.025736681355448272
2023-02-28,0.0,198.0099945068359,AMT,5.749317232285166,0.0290354900852577
2023-03-31,0.0,204.33999633789065,AMT,5.749317232285166,0.028136034723120297
2023-04-30,1.5682955363971995,204.38999938964844,AMT,5.942935484688713,0.029076449446820144
2023-05-31,0.0,184.44000244140625,AMT,5.942935484688713,0.03222151055098089
2023-06-30,1.5931203548309758,193.94000244140625,AMT,6.140624091093881,0.03166249362582691
2023-07-31,0.0,190.30999755859375,AMT,6.140624091093881,0.03226642935142317
2023-08-31,0.0,181.32000732421875,AMT,6.140624091093881,0.03386622459215886
2023-09-30,0.0,164.4499969482422,AMT,6.140624091093881,0.037340372180283694
2023-10-31,1.601424003032268,178.19000244140625,AMT,6.322910816990374,0.03548409411504173
2023-11-30,0.0,208.77999877929688,AMT,6.322910816990374,0.030285040971163035
2023-12-31,1.717281699373092,215.8800048828125,AMT,6.480121593633536,0.0300172384985408
2024-01-31,0.0,195.6499938964844,AMT,6.480121593633536,0.033120990522811235
2024-02-29,0.0,198.86000061035156,AMT,6.480121593633536,0.032586350064087326
2024-03-31,0.0,197.58999633789065,AMT,6.480121593633536,0.0327957979337787
2024-04-30,1.6047080912813267,171.55999755859375,AMT,6.516534148517662,0.03798399534420626
2024-05-31,0.0,195.7400054931641,AMT,6.516534148517662,0.033291784845409345
2024-06-30,1.6355328594311673,194.3800048828125,AMT,6.558946653117854,0.03374290816111514
2024-07-31,0.0,220.3999938964844,AMT,6.558946653117854,0.029759286909047757
2024-08-31,0.0,224.05999755859375,AMT,6.558946653117854,0.029273171135345697
2024-09-30,0.0,232.55999755859375,AMT,6.558946653117854,0.028203245278523532
2024-10-31,1.606289714685527,213.5399932861328,AMT,6.563812364771113,0.030738093898766475
2024-11-30,0.0,209.0,AMT,6.563812364771113,0.031405800788378534
2024-12-31,1.6156466980637487,183.41000366210935,AMT,6.46217736346177,0.035233505449173
2025-01-31,0.0,184.9499969482422,AMT,6.46217736346177,0.03494013230651847
2025-02-28,0.0,205.6199951171875,AMT,6.46217736346177,0.031427767322817164
2025-03-31,0.0,217.6000061035156,AMT,6.46217736346177,0.029697505432916278
2025-04-30,1.7543176044075044,225.41000366210935,AMT,6.6117868765879475,0.029332269061576554
2025-05-31,0.0,214.6499938964844,AMT,6.6117868765879475,0.030802641810353377
2025-06-30,1.6905652909277626,221.02000427246097,AMT,6.666819308084543,0.030163872858612675
2025-07-31,0.0,208.38999938964844,AMT,6.666819308084543,0.031992030940116746
2025-08-31,0.0,203.8500061035156,AMT,6.666819308084543,0.03270453327678153
2025-09-30,1.695324572590085,192.32000732421875,AMT,8.362143880674628,0.04348036378023571
2025-10-31,0.0,178.97999572753906,AMT,6.755854165989101,0.03774642042272437
2025-11-30,0.0,181.27000427246097,AMT,6.755854165989101,0.03726956477495637
2025-12-31,1.7108969339314697,176.72000122070312,AMT,6.851104401856821,0.03876813238191739
2015-01-31,0.0,97.5199966430664,ARE,0.0,0.0
2015-02-28,0.0,95.91000366210938,ARE,0.0,0.0
2015-03-31,0.7443646529010699,98.04000091552734,ARE,0.7443646529010699,0.007592458649020465
2015-04-30,0.0,92.37999725341795,ARE,0.7443646529010699,0.008057638829097597
2015-05-31,0.0,92.7300033569336,ARE,0.7443646529010699,0.008027225557577988
2015-06-30,0.7745664205935635,87.45999908447266,ARE,1.5189310734946333,0.017367151719583074
2015-07-31,0.0,92.70999908447266,ARE,1.5189310734946333,0.016383681247916528
2015-08-31,0.0,85.98999786376953,ARE,1.5189310734946333,0.0176640436240156
2015-09-30,0.75504782673572,84.66999816894531,ARE,2.2739789002303534,0.02685696172678539
2015-10-31,0.0,89.73999786376953,ARE,2.2739789002303534,0.02533963621976439
2015-11-30,0.0,92.08999633789062,ARE,2.2739789002303534,0.024693006739698608
2015-12-31,0.7785184729469106,90.36000061035156,ARE,3.052497373177264,0.03378151120582853
2016-01-31,0.0,79.18000030517578,ARE,3.052497373177264,0.038551368545242735
2016-02-29,0.0,79.16000366210938,ARE,3.052497373177264,0.03856110702327277
2016-03-31,0.8144565792029755,90.88999938964844,ARE,3.1225892994791695,0.03435569722134694
2016-04-30,0.0,92.9499969482422,ARE,3.12258929947917,0.03359429157612492
2016-05-31,0.0,96.9000015258789,ARE,3.12258929947917,0.03222486326427173
2016-06-30,0.8124442756787197,103.5199966430664,ARE,3.160467154564326,0.030530016007066868
2016-07-31,0.0,112.3000030517578,ARE,3.160467154564326,0.0281430727397906
2016-08-31,0.0,110.08999633789062,ARE,3.160467154564326,0.028708032152750293
2016-09-30,0.8075730747117695,108.7699966430664,ARE,3.212992402540375,0.029539326116594017
2016-10-31,0.0,107.80999755859376,ARE,3.212992402540375,0.029802360405343137
2016-11-30,0.0,109.58999633789062,ARE,3.212992402540375,0.02931830011777714
2016-12-31,0.8280176626620054,111.12999725341795,ARE,3.2624915922554703,0.029357434292162983
2017-01-31,0.0,110.81999969482422,ARE,3.2624915922554703,0.029439556048003156
2017-02-28,0.0,119.30999755859376,ARE,3.2624915922554703,0.02734466230001592
2017-03-31,0.8298462033484827,110.5199966430664,ARE,3.277881216400977,0.029658716213927957
2017-04-30,0.0,112.51000213623048,ARE,3.277881216400977,0.029134131669751637
2017-05-31,0.0,116.68000030517578,ARE,3.277881216400977,0.028092914019778027
2017-06-30,0.8585107747405681,120.47000122070312,ARE,3.323947715462826,0.027591497317023317
2017-07-31,0.0,121.25,ARE,3.323947715462826,0.027414001777012996
2017-08-31,0.0,121.30999755859376,ARE,3.323947715462826,0.02740044334645486
2017-09-30,0.8656865718299738,118.97000122070312,ARE,3.3820612125810303,0.028427848851635424
2017-10-31,0.0,123.95999908447266,ARE,3.3820612125810303,0.027283488525006536
2017-11-30,0.0,127.05999755859376,ARE,3.3820612125810303,0.02661782840835796
2017-12-31,0.9023225115796918,130.58999633789062,ARE,3.4563660614987164,0.02646731111436484
2018-01-31,0.0,129.6999969482422,ARE,3.4563660614987164,0.026648929397261333
2018-02-28,0.0,121.30999755859376,ARE,3.4563660614987164,0.02849201328051517
2018-03-31,0.918430495962415,124.88999938964844,ARE,3.5449503541126486,0.028384581403132533
2018-04-30,0.0,124.56999969482422,ARE,3.5449503541126486,0.02845749669099452
2018-05-31,0.0,124.91999816894533,ARE,3.5449503541126486,0.02837776501820275
2018-06-30,0.9484093172950719,126.16999816894533,ARE,3.6348488966671524,0.028809138063075685
2018-07-31,0.0,127.44000244140624,ARE,3.6348488966671524,0.028522040387894423
2018-08-31,0.0,128.35000610351562,ARE,3.6348488966671524,0.02831981865069495
2018-09-30,0.9394131478796547,125.79000091552734,ARE,3.7085754727168334,0.029482275584108465
2018-10-31,0.0,122.2300033569336,ARE,3.7085754727168334,0.030340958609705065
2018-11-30,0.0,124.5,ARE,3.7085754727168334,0.02978775480093842
2018-12-31,0.9736128228123617,115.23999786376952,ARE,3.779865783949503,0.03279994666797769
2019-01-31,0.0,131.7100067138672,ARE,3.779865783949503,0.028698394892356628
2019-02-28,0.0,135.88999938964844,ARE,3.779865783949503,0.027815628824246198
2019-03-31,0.9787988164684153,142.55999755859375,ARE,3.8402341044555035,0.026937669544201025
2019-04-30,0.0,142.38999938964844,ARE,3.8402341044555035,0.026969830191141103
2019-05-31,0.0,146.41000366210938,ARE,3.8402341044555035,0.026229314994883433
2019-06-30,1.0155435042484329,141.08999633789062,ARE,3.9073682914088645,0.0276941554527457
2019-07-31,0.0,146.36000061035156,ARE,3.9073682914088645,0.026696968263967807
2019-08-31,0.0,149.83999633789062,ARE,3.9073682914088645,0.026076937979881632
2019-09-30,0.9927648993387813,154.0399932861328,ARE,3.960720042867991,0.025712283922986565
2019-10-31,0.0,158.75,ARE,3.960720042867991,0.024949417592869234
2019-11-30,0.0,162.52000427246094,ARE,3.960720042867991,0.024370661695454657
2019-12-31,1.0319630322517988,161.5800018310547,ARE,4.019070252307428,0.024873562363922363
2020-01-31,0.0,163.1999969482422,ARE,4.019070252307428,0.024626656418272178
2020-02-29,0.0,151.8800048828125,ARE,4.019070252307428,0.02646214197457039
2020-03-31,1.0459912135675231,137.05999755859375,ARE,4.086262649406536,0.02981367811319011
2020-04-30,0.0,157.08999633789062,ARE,4.086262649406536,0.026012239764887663
2020-05-31,0.0,153.72000122070312,ARE,4.086262649406536,0.026582504664046252
2020-06-30,1.0656521225792828,162.25,ARE,4.1363712677373865,0.025493813668643367
2020-07-31,0.0,177.5500030517578,ARE,4.1363712677373865,0.02329693718186864
2020-08-31,0.0,168.3800048828125,ARE,4.1363712677373865,0.02456569157731156
2020-09-30,1.0575910032320421,160.0,ARE,4.201197371630647,0.02625748357269154
2020-10-31,0.0,151.52000427246094,ARE,4.201197371630647,0.02772701460644179
2020-11-30,0.0,163.72999572753906,ARE,4.201197371630647,0.025659301785005872
2020-12-31,1.0963367061114933,178.22000122070312,ARE,4.265571045490342,0.023934300394308532
2021-01-31,0.0,167.11000061035156,ARE,4.265571045490342,0.025525528274255256
2021-02-28,0.0,159.69000244140625,ARE,4.265571045490342,0.02671157229805587
2021-03-31,1.078383692506417,164.3000030517578,ARE,4.297963524429235,0.02615924190260234
2021-04-30,0.0,181.1000061035156,ARE,4.297963524429235,0.023732542129085005
2021-05-31,0.0,178.25999450683594,ARE,4.297963524429235,0.024110645444143198
2021-06-30,1.1186764451125055,181.94000244140625,ARE,4.350987846962457,0.02391441018235499
2021-07-31,0.0,201.33999633789065,ARE,4.350987846962457,0.021610151614687573
2021-08-31,0.0,206.3699951171875,ARE,4.350987846962457,0.02108343242675246
2021-09-30,1.1338935886348267,191.07000732421875,ARE,4.4272904323652424,0.023171038167454285
2021-10-31,0.0,204.13999938964844,ARE,4.4272904323652424,0.02168752055257301
2021-11-30,0.0,200.07000732421875,ARE,4.4272904323652424,0.0221287063042423
2021-12-31,1.1538730318169572,222.9600067138672,ARE,4.484826758070707,0.02011493820874454
2022-01-31,0.0,194.83999633789065,ARE,4.484826758070707,0.023017998575062277
2022-02-28,0.0,189.3999938964844,ARE,4.484826758070707,0.023679128313604202
2022-03-31,1.1533231173307625,201.25,ARE,4.559766182895052,0.022657223269043736
2022-04-30,0.0,182.16000366210935,ARE,4.559766182895052,0.025031653992239777
2022-05-31,0.0,165.9499969482422,ARE,4.559766182895052,0.027476747615230075
2022-06-30,1.1900566367881975,145.02999877929688,ARE,4.6311463745707435,0.03193233409329548
2022-07-31,0.0,165.77999877929688,ARE,4.6311463745707435,0.027935495286956748
2022-08-31,0.0,153.39999389648438,ARE,4.6311463745707435,0.03019000364299806
2022-09-30,1.1665176524636978,140.19000244140625,ARE,4.663770438399615,0.03326749666295842
2022-10-31,0.0,145.3000030517578,ARE,4.663770438399615,0.03209752471056947
2022-11-30,0.0,155.61000061035156,ARE,4.663770438399615,0.029970891460104326
2022-12-31,1.2352087258991784,145.6699981689453,ARE,4.745106132481837,0.03257435430855537
2023-01-31,0.0,160.74000549316406,ARE,4.745106132481837,0.029520380554445336
2023-02-28,0.0,149.77999877929688,ARE,4.745106132481837,0.03168050588299058
2023-03-31,1.2314394449693544,125.58999633789062,ARE,4.823222460120428,0.038404511511760095
2023-04-30,0.0,124.18000030517578,ARE,4.823222460120428,0.03884057374993739
2023-05-31,0.0,113.45999908447266,ARE,4.823222460120428,0.04251033402996476
2023-06-30,1.2631696690776542,113.48999786376952,ARE,4.896335492409885,0.04314332174265542
2023-07-31,0.0,125.68000030517578,ARE,4.896335492409885,0.038958748253665014
2023-08-31,0.0,116.33999633789062,ARE,4.896335492409885,0.042086433269168014
2023-09-30,1.2610952144877745,100.0999984741211,ARE,4.990913054433961,0.04985927203309863
2023-10-31,0.0,93.12999725341795,ARE,4.990913054433961,0.05359082144986094
2023-11-30,0.0,109.4000015258789,ARE,4.990913054433961,0.04562077682652815
2023-12-31,1.2789058157475983,126.7699966430664,ARE,5.034610144282381,0.03971452455313878
2024-01-31,0.0,120.9000015258789,ARE,5.034610144282381,0.0416427632815597
2024-02-29,0.0,124.7300033569336,ARE,5.034610144282381,0.04036406645380334
2024-03-31,1.3191612712893062,128.91000366210938,ARE,5.122331970602333,0.039735721240289935
2024-04-30,0.0,115.87000274658205,ARE,5.122331970602333,0.04420757615588675
2024-05-31,0.0,119.0,ARE,5.122331970602333,0.04304480647564986
2024-06-30,1.3212321650444518,116.97000122070312,ARE,5.180394466569131,0.04428823127730485
2024-07-31,0.0,117.29000091552734,ARE,5.180394466569131,0.04416740068320119
2024-08-31,0.0,119.56999969482422,ARE,5.180394466569131,0.04332520264105489
2024-09-30,1.2894513471398867,118.75,ARE,5.2087505992212435,0.04386316294081047
2024-10-31,0.0,111.5500030517578,ARE,5.2087505992212435,0.0466943115797536
2024-11-30,0.0,110.2300033569336,ARE,5.2087505992212435,0.04725347401428349
2024-12-31,1.334636665985084,97.5500030517578,ARE,5.264481449458729,0.05396700445683754
2025-01-31,0.0,97.3499984741211,ARE,5.264481449458729,0.054077879116333064
2025-02-28,0.0,102.26000213623048,ARE,5.264481449458729,0.05148133521888061
2025-03-31,1.2952143737473782,92.51000213623048,ARE,5.2405345519168005,0.0566483021392603
2025-04-30,0.0,72.66000366210938,ARE,5.2405345519168005,0.07212406121374346
2025-05-31,0.0,70.19000244140625,ARE,5.2405345519168005,0.07466212237692305
2025-06-30,1.3306239717659798,72.62999725341797,ARE,5.249926358638328,0.07228316889949031
2025-07-31,0.0,76.43000030517578,ARE,5.249926358638328,0.06868934106602126
2025-08-31,0.0,82.44000244140625,ARE,5.249926358638328,0.063681783153387
2025-09-30,1.323811913887502,83.33999633789062,ARE,5.284286925385944,0.06340637338117372
2025-10-31,0.0,58.220001220703125,ARE,5.284286925385944,0.09076411567485236
2025-11-30,0.0,53.66999816894531,ARE,5.284286925385944,0.09845886166703006
2025-12-31,0.0,49.470001220703125,ARE,3.94965025940086,0.07983929981687442
2015-01-31,0.0,172.99000549316406,AVB,0.0,0.0
2015-02-28,0.0,168.33999633789062,AVB,0.0,0.0
2015-03-31,1.2458151946171367,174.25,AVB,1.2458151946171367,0.007149585048018001
2015-04-30,0.0,164.33999633789062,AVB,1.2458151946171367,0.00758071815978189
2015-05-31,0.0,166.5,AVB,1.2458151946171367,0.007482373541244065
2015-06-30,1.2630520492781816,159.8699951171875,AVB,2.5088672438953186,0.01569317145507057
2015-07-31,0.0,172.33999633789062,AVB,2.5088672438953186,0.014557661002710139
2015-08-31,0.0,165.05999755859375,AVB,2.5088672438953186,0.01519972907430045
2015-09-30,1.233978485881611,174.82000732421875,AVB,3.7428457297769295,0.02140971040480224
2015-10-31,0.0,174.8300018310547,AVB,3.7428457297769295,0.021408486475872675
2015-11-30,0.0,181.7899932861328,AVB,3.7428457297769295,0.020588843544791742
2015-12-31,1.269861906685721,184.1300048828125,AVB,5.01270763646265,0.02722374139756816
2016-01-31,0.0,171.49000549316406,AVB,5.01270763646265,0.029230319411602486
2016-02-29,0.0,171.63999938964844,AVB,5.01270763646265,0.02920477542698573
2016-03-31,1.3793410530908727,190.1999969482422,AVB,5.146233494936386,0.02705695887228008
2016-04-30,0.0,176.7899932861328,AVB,5.146233494936386,0.029109303073547036
2016-05-31,0.0,179.8800048828125,AVB,5.146233494936386,0.028609258145667903
2016-06-30,1.3833039558438172,180.38999938964844,AVB,5.266485401502022,0.02919499650380417
2016-07-31,0.0,185.6499938964844,AVB,5.266485401502022,0.028367818877702383
2016-08-31,0.0,175.00999450683594,AVB,5.266485401502022,0.030092483668390218
2016-09-30,1.3588784085678285,177.83999633789062,AVB,5.3913853241882395,0.030315932496673977
2016-10-31,0.0,171.17999267578125,AVB,5.3913853241882395,0.03149541742532753
2016-11-30,0.0,164.49000549316406,AVB,5.3913853241882395,0.03277637026045511
2016-12-31,1.3458255773386951,177.14999389648438,AVB,5.467348994841213,0.030862823501060902
2017-01-31,0.0,173.30999755859375,AVB,5.467348994841213,0.03154664515526738
2017-02-28,0.0,183.77999877929688,AVB,5.467348994841213,0.029749423392950416
2017-03-31,1.4187329671807256,183.6000061035156,AVB,5.506740908931067,0.029993141208428442
2017-04-30,0.0,189.83999633789065,AVB,5.506740908931066,0.029007274626837744
2017-05-31,0.0,191.2400054931641,AVB,5.506740908931066,0.028794921307026974
2017-06-30,1.4284412695275361,192.1699981689453,AVB,5.551878222614786,0.02889045259673614
2017-07-31,0.0,192.3500061035156,AVB,5.551878222614786,0.028863415890025872
2017-08-31,0.0,187.72999572753903,AVB,5.551878222614786,0.02957374073918627
2017-09-30,1.4349185821101844,178.4199981689453,AVB,5.627918396157141,0.031543091883837394
2017-10-31,0.0,181.3300018310547,AVB,5.627918396157141,0.031036884902260562
2017-11-30,0.0,181.3300018310547,AVB,5.627918396157141,0.031036884902260562
2017-12-31,1.4314149445226496,178.41000366210938,AVB,5.713507763341096,0.032024593050073054
2018-01-31,0.0,170.39999389648438,AVB,5.713507763341096,0.03352997633798022
2018-02-28,0.0,156.02000427246094,AVB,5.713507763341096,0.03662035384490491
2018-03-31,1.5150110821835001,164.4600067138672,AVB,5.80978587834387,0.035326435857757944
2018-04-30,0.0,163.0,AVB,5.80978587834387,0.0356428581493489
2018-05-31,0.0,165.5399932861328,AVB,5.80978587834387,0.035095965410012815
2018-06-30,1.4985697177629826,171.88999938964844,AVB,5.879914326579317,0.034207425373540476
2018-07-31,0.0,176.85000610351562,AVB,5.879914326579317,0.03324803010262621
2018-08-31,0.0,183.2899932861328,AVB,5.879914326579317,0.03207984364645713
2018-09-30,1.4782338206869745,181.1499938964844,AVB,5.923229565156107,0.03269792859358777
2018-10-31,0.0,175.3800048828125,AVB,5.923229565156107,0.033773687993189194
2018-11-30,0.0,190.57000732421875,AVB,5.923229565156107,0.031081646311105264
2018-12-31,1.476276791909531,174.0500030517578,AVB,5.9680914125429885,0.03428952202183092
2019-01-31,0.0,192.9199981689453,AVB,5.9680914125429885,0.030935576763361606
2019-02-28,0.0,194.6300048828125,AVB,5.9680914125429885,0.030663778774174106
2019-03-31,1.532094879457719,200.72999572753903,AVB,5.985175209817207,0.02981704447371776
2019-04-30,0.0,200.92999267578125,AVB,5.985175209817207,0.029787365888550195
2019-05-31,0.0,203.0099945068359,AVB,5.985175209817207,0.029482170197367645
2019-06-30,1.5327964979804578,203.17999267578125,AVB,6.019401990034682,0.029625958298167544
2019-07-31,0.0,208.7899932861328,AVB,6.019401990034682,0.02882993526315934
2019-08-31,0.0,212.55999755859375,AVB,6.019401990034682,0.02831860208492611
2019-09-30,1.5214905614022856,215.3300018310547,AVB,6.062658730749993,0.028155197507064907
2019-10-31,0.0,217.66000366210935,AVB,6.062658730749993,0.027853802392475983
2019-11-30,0.0,214.41000366210935,AVB,6.062658730749993,0.02827600684296518
2019-12-31,1.5222405748820291,209.6999969482422,AVB,6.108622513722491,0.029130293765479695
2020-01-31,0.0,216.69000244140625,AVB,6.108622513722491,0.028190606141943648
2020-02-29,0.0,200.58999633789065,AVB,6.108622513722491,0.030453275962140272
2020-03-31,1.5241237884950738,147.1699981689453,AVB,6.100651422759846,0.04145309165361639
2020-04-30,0.0,162.9499969482422,AVB,6.100651422759846,0.03743879433577158
2020-05-31,0.0,156.00999450683594,AVB,6.100651422759846,0.03910423458474343
2020-06-30,1.6240862789919412,154.63999938964844,AVB,6.1919412037713295,0.040041006390393305
2020-07-31,0.0,153.1199951171875,AVB,6.19194120377133,0.04043848877497968
2020-08-31,0.0,158.05999755859375,AVB,6.19194120377133,0.03917462545496967
2020-09-30,1.565235225098778,149.33999633789062,AVB,6.235685867467822,0.041754961968521895
2020-10-31,0.0,139.1300048828125,AVB,6.235685867467822,0.04481913065927126
2020-11-30,0.0,166.58999633789062,AVB,6.235685867467822,0.03743133444111569
2020-12-31,1.6148493195816598,160.42999267578125,AVB,6.328294612167453,0.039445832457005295
2021-01-31,0.0,163.6699981689453,AVB,6.328294612167452,0.03866496415326643
2021-02-28,0.0,175.75,AVB,6.328294612167452,0.03600736621432405
2021-03-31,1.603771040552403,184.5099945068359,AVB,6.4079418642247825,0.034729510893716786
2021-04-30,0.0,192.0,AVB,6.4079418642247825,0.033374697209504076
2021-05-31,0.0,206.94000244140625,AVB,6.4079418642247825,0.03096521594967677
2021-06-30,1.5864015597311403,208.69000244140625,AVB,6.370257144963981,0.03052497518060336
2021-07-31,0.0,227.8300018310547,AVB,6.370257144963981,0.027960571890298224
2021-08-31,0.0,229.5800018310547,AVB,6.370257144963981,0.027747439211416074
2021-09-30,0.0,221.63999938964844,AVB,4.805021919865203,0.021679398723593472
2021-10-31,1.6095621007931677,236.67999267578125,AVB,6.414584020658371,0.02710235008941149
2021-11-30,0.0,238.8699951171875,AVB,6.414584020658371,0.026853870941435876
2021-12-31,1.5919117701502845,252.58999633789065,AVB,6.391646471226996,0.025304432336571495
2022-01-31,0.0,244.22999572753903,AVB,6.391646471226996,0.02617060386946681
2022-02-28,0.0,238.58999633789065,AVB,6.391646471226996,0.02678924753481768
2022-03-31,1.5607359268715941,248.3699951171875,AVB,6.348611357546186,0.025561104329654413
2022-04-30,0.0,227.47999572753903,AVB,6.348611357546186,0.027908438002390974
2022-05-31,0.0,207.9600067138672,AVB,6.348611357546186,0.030528039779693122
2022-06-30,1.586823608395491,194.25,AVB,6.349033406210538,0.03268485666002851
2022-07-31,0.0,213.94000244140625,AVB,6.349033406210538,0.02967670063455948
2022-08-31,0.0,200.91000366210935,AVB,6.349033406210538,0.03160138017262868
2022-09-30,1.5614400298281634,184.19000244140625,AVB,7.910473436038701,0.042947355074579294
2022-10-31,0.0,175.1199951171875,AVB,6.300911335245533,0.035980536266170315
2022-11-30,0.0,174.89999389648438,AVB,6.300911335245533,0.03602579505505738
2022-12-31,1.6215340847177522,161.52000427246094,AVB,6.330533649813001,0.03919349605225557
2023-01-31,0.0,177.44000244140625,AVB,6.330533649813001,0.03567703766180601
2023-02-28,0.0,172.52000427246094,AVB,6.330533649813001,0.03669449045349654
2023-03-31,1.6778717042661488,168.05999755859375,AVB,6.447669427207556,0.038365283356377476
2023-04-30,0.0,180.3699951171875,AVB,6.447669427207556,0.03574690692328547
2023-05-31,0.0,173.97999572753906,AVB,6.447669427207556,0.037059832081527994
2023-06-30,1.6761576086396623,189.27000427246097,AVB,6.537003427451727,0.03453797897125566
2023-07-31,0.0,188.6499938964844,AVB,6.537003427451727,0.03465149026741393
2023-08-31,0.0,183.82000732421875,AVB,6.537003427451727,0.035561980018431104
2023-09-30,1.6548156758682395,171.74000549316406,AVB,6.6303790734918024,0.038607073840787307
2023-10-31,0.0,165.74000549316406,AVB,6.6303790734918024,0.04000469925026805
2023-11-30,0.0,172.94000244140625,AVB,6.6303790734918024,0.038339186884990585
2023-12-31,1.6654593360599963,187.22000122070312,AVB,6.674304324834047,0.03564952612603653
2024-01-31,0.0,179.00999450683594,AVB,6.674304324834047,0.037284534549154306
2024-02-29,0.0,177.02999877929688,AVB,6.674304324834047,0.037701544206385586
2024-03-31,1.744860655386297,185.55999755859375,AVB,6.741293275954195,0.036329453355513845
2024-04-30,0.0,189.57000732421875,AVB,6.741293275954195,0.0355609696444473
2024-05-31,0.0,192.67999267578125,AVB,6.741293275954195,0.03498699155182985
2024-06-30,1.7190027613748053,206.88999938964844,AVB,6.784138428689338,0.032791040885027795
2024-07-31,0.0,204.9199981689453,AVB,6.784138428689338,0.0331062780075578
2024-08-31,0.0,225.72999572753903,AVB,6.784138428689338,0.030054217680834668
2024-09-30,1.7130779306582078,225.25,AVB,6.8424006834793065,0.030376917573715013
2024-10-31,0.0,221.61000061035156,AVB,6.8424006834793065,0.030875866001688432
2024-11-30,0.0,235.3500061035156,AVB,6.8424006834793065,0.02907329724253233
2024-12-31,1.7146692263868277,219.97000122070312,AVB,6.891610573806138,0.031329774676373066
2025-01-31,0.0,221.5099945068359,AVB,6.891610573806138,0.031111962190010615
2025-02-28,0.0,226.17999267578125,AVB,6.891610573806138,0.03046958527266799
2025-03-31,1.7730388684289655,214.6199951171875,AVB,6.919788786848807,0.03224205080738373
2025-04-30,0.0,209.97999572753903,AVB,6.919788786848807,0.03295451437111003
2025-05-31,0.0,206.77000427246097,AVB,6.919788786848807,0.03346611521916205
2025-06-30,1.7575067162250964,203.5,AVB,6.958292741699098,0.03419308472579409
2025-07-31,0.0,186.27999877929688,AVB,6.958292741699098,0.03735394453133549
2025-08-31,0.0,195.8500061035156,AVB,6.958292741699098,0.035528682792183956
2025-09-30,1.7624050367795252,193.1699981689453,AVB,7.007619847820415,0.0362769576758581
2025-10-31,0.0,173.9199981689453,AVB,7.007619847820415,0.040292202861072
2025-11-30,0.0,181.94000244140625,AVB,7.007619847820415,0.03851610285691415
2025-12-31,0.0,185.0,AVB,5.292950621433587,0.02861054389964101
2015-01-31,0.0,138.8000030517578,BXP,0.0,0.0
2015-02-28,0.0,137.41000366210938,BXP,0.0,0.0
2015-03-31,0.6502563098848498,140.47999572753906,BXP,0.6502563098848498,0.004628817836427201
2015-04-30,0.0,132.30999755859375,BXP,0.6502563098848498,0.004914642293730544
2015-05-31,0.0,130.02999877929688,BXP,0.6502563098848498,0.00500081762661973
2015-06-30,0.654360953752333,121.04000091552734,BXP,1.304617263637183,0.010778397668285403
2015-07-31,0.0,123.27999877929688,BXP,1.304617263637183,0.01058255415765201
2015-08-31,0.0,113.37999725341795,BXP,1.304617263637183,0.011506591067569055
2015-09-30,0.6425141694526679,118.4000015258789,BXP,1.9471314330898508,0.016445366621589633
2015-10-31,0.0,125.8499984741211,BXP,1.9471314330898508,0.015471843120365593
2015-11-30,0.0,124.98999786376952,BXP,1.9471314330898508,0.01557829799478907
2015-12-31,1.9312411316613993,127.54000091552734,BXP,3.87837256475125,0.030409068032859626
2016-01-31,0.0,116.20999908447266,BXP,3.87837256475125,0.03337382837368473
2016-02-29,0.0,114.13999938964844,BXP,3.87837256475125,0.03397908345444574
2016-03-31,0.6630531022895245,127.08000183105467,BXP,3.891169357155925,0.03061984026667708
2016-04-30,0.0,128.86000061035156,BXP,3.891169357155925,0.03019687520351711
2016-05-31,0.0,125.62999725341795,BXP,3.891169357155925,0.030973250356017657
2016-06-30,0.6659106540877067,131.89999389648438,BXP,3.9027190574912987,0.0295884703418119
2016-07-31,0.0,142.1300048828125,BXP,3.902719057491298,0.027458797744425084
2016-08-31,0.0,140.1300048828125,BXP,3.902719057491298,0.02785070235853522
2016-09-30,0.6542785581028957,136.2899932861328,BXP,3.914483446141526,0.02872172308295077
2016-10-31,0.0,120.4800033569336,BXP,3.914483446141526,0.032490731549404864
2016-11-30,0.0,123.87999725341795,BXP,3.914483446141526,0.031598995260984496
2016-12-31,0.7436614640496501,125.77999877929688,BXP,2.7269037785297767,0.021679947567137512
2017-01-31,0.0,130.89999389648438,BXP,2.7269037785297767,0.020831962610221435
2017-02-28,0.0,139.02999877929688,BXP,2.7269037785297767,0.01961377977754714
2017-03-31,0.7533027455596953,132.41000366210938,BXP,2.8171534217999477,0.021275986284154964
2017-04-30,0.0,126.5999984741211,BXP,2.8171534217999477,0.022252396964884763
2017-05-31,0.0,121.31999969482422,BXP,2.8171534217999477,0.023220849232495785
2017-06-30,0.7523750770319062,123.0199966430664,BXP,2.9036178447441476,0.023602811932833846
2017-07-31,0.0,120.91000366210938,BXP,2.903617844744147,0.024014703141176725
2017-08-31,0.0,120.5999984741211,BXP,2.903617844744147,0.024076433511458287
2017-09-30,0.7543009571003484,122.87999725341795,BXP,3.0036402437416,0.024443687425766546
2017-10-31,0.0,121.18000030517578,BXP,3.0036402437416,0.024786600397568328
2017-11-30,0.0,125.37999725341795,BXP,3.0036402437416,0.023956295338487244
2017-12-31,0.8034672739436656,130.02999877929688,BXP,3.063446053635616,0.023559533049256412
2018-01-31,0.0,123.70999908447266,BXP,3.063446053635616,0.024763124050658256
2018-02-28,0.0,118.87000274658205,BXP,3.063446053635616,0.025771397180553202
2018-03-31,0.8221758251469128,123.22000122070312,BXP,3.132319133222833,0.025420541326017683
2018-04-30,0.0,121.41000366210938,BXP,3.132319133222833,0.025799514362426404
2018-05-31,0.0,121.7699966430664,BXP,3.132319133222833,0.025723242338622398
2018-06-30,0.8097067939018328,125.41999816894533,BXP,3.189650850092759,0.025431756471533215
2018-07-31,0.0,125.52999877929688,BXP,3.189650850092759,0.025409470892298093
2018-08-31,0.0,130.4499969482422,BXP,3.189650850092759,0.024451137790047605
2018-09-30,0.9522690002732891,123.08999633789062,BXP,3.3876188932657003,0.027521480169407513
2018-10-31,0.0,120.76000213623048,BXP,3.3876188932657003,0.028052491167100974
2018-11-30,0.0,131.1999969482422,BXP,3.3876188932657003,0.025820266555357473
2018-12-31,0.951719655761077,112.5500030517578,BXP,3.5358712750831116,0.03141600336924992
2019-01-31,0.0,131.8699951171875,BXP,3.5358712750831116,0.02681331164030852
2019-02-28,0.0,132.69000244140625,BXP,3.5358712750831116,0.026647608787591176
2019-03-31,0.9661802193676776,133.8800048828125,BXP,3.6798756693038763,0.027486372386413757
2019-04-30,0.0,137.6199951171875,BXP,3.6798756693038763,0.026739396889022944
2019-05-31,0.0,130.8300018310547,BXP,3.6798756693038763,0.028127154458469146
2019-06-30,0.9535593916974492,129.0,BXP,3.823728267099493,0.029641304396120102
2019-07-31,0.0,132.9499969482422,BXP,3.8237282670994928,0.02876064952892087
2019-08-31,0.0,128.4199981689453,BXP,3.8237282670994928,0.029775177710788595
2019-09-30,0.9390008776120784,129.66000366210938,BXP,3.810460144438282,0.029388092216688835
2019-10-31,0.0,137.1999969482422,BXP,3.810460144438282,0.02777303374048728
2019-11-30,0.0,138.5399932861328,BXP,3.810460144438282,0.027504405435969447
2019-12-31,0.9797847195980915,137.86000061035156,BXP,3.8385252082752968,0.027843647115050656
2020-01-31,0.0,143.35000610351562,BXP,3.8385252082752968,0.026777293650782467
2020-02-29,0.0,128.94000244140625,BXP,3.8385252082752968,0.029769855247363006
2020-03-31,0.981230255545391,92.2300033569336,BXP,3.85357524445301,0.04178223033929131
2020-04-30,0.0,97.18000030517578,BXP,3.85357524445301,0.03965399498200835
2020-05-31,0.0,85.9800033569336,BXP,3.85357524445301,0.044819435845512214
2020-06-30,1.0187720390321642,90.37999725341795,BXP,3.918787891787725,0.043359017602089225
2020-07-31,0.0,89.08999633789062,BXP,3.918787891787725,0.043986845357193445
2020-08-31,0.0,86.87000274658203,BXP,3.918787891787725,0.04511094472069546
2020-09-30,0.962366997058108,80.30000305175781,BXP,3.9421540112337548,0.049092825173279474
2020-10-31,0.0,72.41000366210938,BXP,3.9421540112337548,0.05444211865572106
2020-11-30,0.0,98.16000366210938,BXP,3.9421540112337548,0.04016049168868828
2020-12-31,0.9965685304783619,94.52999877929688,BXP,3.958937822114025,0.04188022715791124
2021-01-31,0.0,91.2699966430664,BXP,3.958937822114025,0.04337611447052439
2021-02-28,0.0,99.12999725341795,BXP,3.958937822114025,0.03993682973674775
2021-03-31,0.9887617167799305,101.26000213623048,BXP,3.966469283348565,0.03917113568704317
2021-04-30,0.0,109.3499984741211,BXP,3.966469283348565,0.036273153531751305
2021-05-31,0.0,117.55999755859376,BXP,3.966469283348565,0.033739957176943745
2021-06-30,0.9637377631531062,114.58999633789062,BXP,3.911435007469507,0.034134175167751024
2021-07-31,0.0,117.37999725341795,BXP,3.911435007469507,0.033322841190947555
2021-08-31,0.0,112.98999786376952,BXP,3.911435007469507,0.034617533245601705
2021-09-30,0.973538636739233,108.3499984741211,BXP,3.922606647150632,0.03620310754399806
2021-10-31,0.0,113.63999938964844,BXP,3.922606647150632,0.03451783410963257
2021-11-30,0.0,107.83999633789062,BXP,3.922606647150632,0.0363743210344712
2021-12-31,0.9895792215137246,115.18000030517578,BXP,3.9156173381859944,0.033995635768461104
2022-01-31,0.0,112.08000183105467,BXP,3.9156173381859944,0.03493591429529287
2022-02-28,0.0,122.30999755859376,BXP,3.9156173381859944,0.03201387798499612
2022-03-31,0.9750286191261742,128.8000030517578,BXP,3.9018842405322385,0.03029413158448669
2022-04-30,0.0,117.5999984741211,BXP,3.9018842405322385,0.03317928819013448
2022-05-31,0.0,111.18000030517578,BXP,3.9018842405322385,0.03509519904499041
2022-06-30,0.9755810264840039,88.9800033569336,BXP,3.913727503863136,0.04398434879984938
2022-07-31,0.0,91.16000366210938,BXP,3.913727503863136,0.042932507093457646
2022-08-31,0.0,79.43000030517578,BXP,3.913727503863136,0.049272661322249944
2022-09-30,0.9690803218645372,74.97000122070312,BXP,3.90926918898844,0.05214444611625386
2022-10-31,0.0,72.69999694824219,BXP,3.90926918898844,0.05377261833685623
2022-11-30,0.0,72.08000183105469,BXP,3.90926918898844,0.05423514275361997
2022-12-31,1.0126791405797975,67.58000183105469,BXP,3.9323691080545125,0.05818835456508513
2023-01-31,0.0,74.54000091552734,BXP,3.9323691080545125,0.05275515239811816
2023-02-28,0.0,65.4800033569336,BXP,3.9323691080545125,0.06005450376382913
2023-03-31,1.001234231320405,54.119998931884766,BXP,3.9585747202487434,0.07314439760486675
2023-04-30,0.0,53.36000061035156,BXP,3.958574720248744,0.07418618206463815
2023-05-31,0.0,48.66999816894531,BXP,3.958574720248744,0.0813350086126483
2023-06-30,1.0022984233791972,57.59000015258789,BXP,3.9852921171439366,0.06920111315479571
2023-07-31,0.0,66.62999725341797,BXP,3.9852921171439366,0.059812280975885826
2023-08-31,0.0,66.7699966430664,BXP,3.9852921171439366,0.059686870113955307
2023-09-30,1.0021834564445915,59.47999954223633,BXP,4.018395251723991,0.0675587639988221
2023-10-31,0.0,53.56999969482422,BXP,4.018395251723991,0.07501204544737447
2023-11-30,0.0,56.93000030517578,BXP,4.018395251723991,0.07058484507611462
2023-12-31,0.9966374454051605,70.16999816894531,BXP,4.0023535565493535,0.05703796011100153
2024-01-31,0.0,66.5,BXP,4.0023535565493535,0.06018576776765945
2024-02-29,0.0,64.72000122070312,BXP,4.0023535565493535,0.06184106120302498
2024-03-31,1.0299006977171175,65.30999755859375,BXP,4.031020022946066,0.06172133170468399
2024-04-30,0.0,61.88999938964844,BXP,4.031020022946066,0.06513200941508306
2024-05-31,0.0,60.66999816894531,BXP,4.031020022946066,0.06644173635412097
2024-06-30,1.0021456013096648,61.560001373291016,BXP,4.030867200876534,0.06547867301746686
2024-07-31,0.0,71.30999755859375,BXP,4.030867200876534,0.05652597586424631
2024-08-31,0.0,75.22000122070312,BXP,4.030867200876534,0.05358770453950885
2024-09-30,0.9882251215713025,80.45999908447266,BXP,4.016908866003245,0.049924296690408945
2024-10-31,0.0,80.55999755859375,BXP,4.016908866003245,0.04986232606426812
2024-11-30,0.0,81.98999786376953,BXP,4.016908866003245,0.04899266947997168
2024-12-31,0.9956718305169534,74.36000061035156,BXP,4.015943251115038,0.05400676732318348
2025-01-31,0.0,73.13999938964844,BXP,4.015943251115038,0.05490761942340702
2025-02-28,0.0,70.93000030517578,BXP,4.015943251115038,0.05661840171770017
2025-03-31,0.9871905912586054,67.19000244140625,BXP,3.9732331446565263,0.05913429082133798
2025-04-30,0.0,63.72999954223633,BXP,3.9732331446565263,0.062344785394566206
2025-05-31,0.0,67.33000183105469,BXP,3.9732331446565263,0.05901133278781448
2025-06-30,0.9778305845380565,67.47000122070312,BXP,3.9489181278849177,0.058528502392752216
2025-07-31,0.0,65.43000030517578,BXP,3.9489181278849177,0.0603533258362608
2025-08-31,0.0,72.51000213623047,BXP,3.9489181278849177,0.05446032287332943
2025-09-30,0.6969071132875875,74.33999633789062,BXP,3.657600119601203,0.0492009725555629
2025-10-31,0.0,71.19000244140625,BXP,3.657600119601203,0.0513780024465041
2025-11-30,0.0,72.36000061035156,BXP,3.657600119601203,0.05054726490809288
2025-12-31,0.0,69.2699966430664,BXP,2.6619282890842495,0.038428301112826684
2015-01-31,0.0,86.51000213623047,CCI,0.0,0.0
2015-02-28,0.0,86.30999755859375,CCI,0.0,0.0
2015-03-31,0.8368054970843384,82.54000091552734,CCI,0.8368054970843384,0.010138181339987354
2015-04-30,0.0,83.52999877929688,CCI,0.8368054970843384,0.010018023576120808
2015-05-31,0.0,81.55000305175781,CCI,0.8368054970843384,0.010261256477859824
2015-06-30,0.8249187544479691,80.30000305175781,CCI,1.6617242515323074,0.02069395004208448
2015-07-31,0.0,81.91000366210938,CCI,1.6617242515323074,0.020287195424714674
2015-08-31,0.0,83.38999938964844,CCI,1.6617242515323074,0.01992714070865654
2015-09-30,0.828453559260022,78.87000274658203,CCI,2.4901778107923294,0.03157319290064619
2015-10-31,0.0,85.45999908447266,CCI,2.4901778107923294,0.0291385190436396
2015-11-30,0.0,85.91000366210938,CCI,2.4901778107923294,0.02898588877479728
2015-12-31,0.8960217912229779,86.44999694824219,CCI,3.3861996020153073,0.03916945889590526
2016-01-31,0.0,86.19999694824219,CCI,3.3861996020153073,0.03928305941876672
2016-02-29,0.0,86.5,CCI,3.3861996020153073,0.03914681620826945
2016-03-31,0.8912465740479066,86.5,CCI,3.440640678978876,0.03977619282056504
2016-04-30,0.0,86.87999725341797,CCI,3.440640678978876,0.03960221901185105
2016-05-31,0.0,90.80999755859376,CCI,3.440640678978876,0.0378883467842718
2016-06-30,0.8963003817003098,101.43000030517578,CCI,3.5120223062312164,0.03462508425184343
2016-07-31,0.0,97.02999877929688,CCI,3.5120223062312164,0.036195221585229684
2016-08-31,0.0,94.7699966430664,CCI,3.5120223062312164,0.0370583774468052
2016-09-30,0.8888799004376452,94.20999908447266,CCI,3.5724486474088395,0.037920058190486036
2016-10-31,0.0,90.98999786376952,CCI,3.5724486474088395,0.03926199287044187
2016-11-30,0.0,83.45999908447266,CCI,3.5724486474088395,0.04280432167022965
2016-12-31,0.9412600143441149,86.7699966430664,CCI,3.6176868705299765,0.041692831744727946
2017-01-31,0.0,87.83000183105469,CCI,3.6176868705299765,0.04118964812831012
2017-02-28,0.0,93.52999877929688,CCI,3.6176868705299765,0.03867942818075564
2017-03-31,0.9630175781789962,94.4499969482422,CCI,3.6894578746610662,0.03906255154971427
2017-04-30,0.0,94.5999984741211,CCI,3.6894578746610662,0.03900061241195854
2017-05-31,0.0,101.6500015258789,CCI,3.6894578746610662,0.03629569915669675
2017-06-30,0.9568009721379883,100.18000030517578,CCI,3.7499584650987448,0.03743220656493653
2017-07-31,0.0,100.58000183105467,CCI,3.7499584650987448,0.037283340592870445
2017-08-31,0.0,108.44000244140624,CCI,3.7499584650987448,0.03458095150011614
2017-09-30,0.9574205169965857,99.9800033569336,CCI,3.818499081657685,0.038192628060087705
2017-10-31,0.0,107.08000183105467,CCI,3.818499081657685,0.03566024482967713
2017-11-30,0.0,113.0,CCI,3.818499081657685,0.03379202727130695
2017-12-31,1.0527867492184408,111.01000213623048,CCI,3.930025816532011,0.03540244789572311
2018-01-31,0.0,112.7699966430664,CCI,3.930025816532011,0.034849924035833035
2018-02-28,0.0,110.05999755859376,CCI,3.930025816532011,0.03570803110766692
2018-03-31,1.0365372336233953,109.61000061035156,CCI,4.00354547197641,0.03652536675196693
2018-04-30,0.0,100.87000274658205,CCI,4.00354547197641,0.03969014933046652
2018-05-31,0.0,104.1500015258789,CCI,4.00354547197641,0.0384401863977085
2018-06-30,1.0620800100106864,107.81999969482422,CCI,4.108824509849108,0.03810818513706922
2018-07-31,0.0,110.83000183105467,CCI,4.108824509849108,0.037073215212181036
2018-08-31,0.0,114.02999877929688,CCI,4.108824509849108,0.036032838321796955
2018-09-30,1.062561091050362,111.33000183105467,CCI,4.213965083902885,0.03785111842805549
2018-10-31,0.0,108.73999786376952,CCI,4.213965083902885,0.03875266844479967
2018-11-30,0.0,114.9000015258789,CCI,4.213965083902885,0.036675065517329644
2018-12-31,1.1318408354932272,108.62999725341795,CCI,4.293019170177671,0.03951964723116657
2019-01-31,0.0,117.05999755859376,CCI,4.293019170177671,0.03667366529739438
2019-02-28,0.0,118.75,CCI,4.293019170177671,0.036151740380443546
2019-03-31,1.1261374321014908,128.0,CCI,4.382619368655766,0.034239213817623175
2019-04-30,0.0,125.77999877929688,CCI,4.382619368655766,0.034843531652006474
2019-05-31,0.0,130.00999450683594,CCI,4.382619368655766,0.0337098650398399
2019-06-30,1.1131090700781163,130.35000610351562,CCI,4.433648428723196,0.03401341174623557
2019-07-31,0.0,133.25999450683594,CCI,4.433648428723196,0.033270663451031135
2019-08-31,0.0,145.1699981689453,CCI,4.433648428723196,0.030541079318354914
2019-09-30,1.1354276197095365,139.00999450683594,CCI,4.506514957382371,0.03241863992132421
2019-10-31,0.0,138.7899932861328,CCI,4.506514957382371,0.03247002792263006
2019-11-30,0.0,133.66000366210938,CCI,4.506514957382371,0.03371625642607925
2019-12-31,1.1873077450883438,142.14999389648438,CCI,4.561981866977487,0.032092733470671736
2020-01-31,0.0,149.83999633789062,CCI,4.561981866977487,0.030445688590983244
2020-02-29,0.0,143.2899932861328,CCI,4.561981866977487,0.03183740722122696
2020-03-31,1.1202806276319917,144.39999389648438,CCI,4.556125062507988,0.031552113954894795
2020-04-30,0.0,159.42999267578125,CCI,4.556125062507988,0.02857759061542064
2020-05-31,0.0,172.16000366210938,CCI,4.556125062507988,0.02646448051575375
2020-06-30,1.1155417384354418,167.35000610351562,CCI,4.558557730865314,0.02723966277028746
2020-07-31,0.0,170.2100067138672,CCI,4.558557730865314,0.02678196081931018
2020-08-31,0.0,163.25,CCI,4.558557730865314,0.02792378395629595
2020-09-30,1.2211100799542378,166.5,CCI,4.644240191110015,0.02789333448114123
2020-10-31,0.0,156.1999969482422,CCI,4.644240191110015,0.02973265225254077
2020-11-30,0.0,167.57000732421875,CCI,4.644240191110015,0.02771522341778156
2020-12-31,1.32015246832896,159.19000244140625,CCI,4.777084914350631,0.030008699296986022
2021-01-31,0.0,159.25999450683594,CCI,4.777084914350631,0.02999551098280104
2021-02-28,0.0,155.75,CCI,4.777084914350631,0.030671492226970343
2021-03-31,1.3667147482070727,172.1300048828125,CCI,5.023519034925712,0.029184447176108342
2021-04-30,0.0,189.05999755859375,CCI,5.023519034925712,0.026571030888587713
2021-05-31,0.0,189.5,CCI,5.023519034925712,0.026509335276652835
2021-06-30,1.299443408596218,195.1000061035156,CCI,5.207420705086489,0.026691033019873668
2021-07-31,0.0,193.08999633789065,CCI,5.207420705086489,0.026968878781135592
2021-08-31,0.0,194.69000244140625,CCI,5.207420705086489,0.02674724248695672
2021-09-30,1.3353145778825326,173.32000732421875,CCI,5.321625203014784,0.03070404441571455
2021-10-31,0.0,180.3000030517578,CCI,5.321625203014784,0.02951539164138079
2021-11-30,0.0,181.6499938964844,CCI,5.321625203014784,0.029296038435582775
2021-12-31,1.453130217305882,208.7400054931641,CCI,5.4546029519917045,0.026131085601462888
2022-01-31,0.0,182.5099945068359,CCI,5.4546029519917045,0.029886598631108954
2022-02-28,0.0,166.58999633789062,CCI,5.4546029519917045,0.03274268006422342
2022-03-31,1.4751897926502735,184.6000061035156,CCI,5.563077996434906,0.030135849471832496
2022-04-30,0.0,185.2100067138672,CCI,5.563077996434906,0.03003659518802006
2022-05-31,0.0,189.6499938964844,CCI,5.563077996434906,0.029333394017778718
2022-06-30,1.410561324822684,168.3800048828125,CCI,5.6741959126613715,0.03369875132507832
2022-07-31,0.0,180.66000366210935,CCI,5.6741959126613715,0.03140814678202869
2022-08-31,0.0,170.8300018310547,CCI,5.6741959126613715,0.03321545309279436
2022-09-30,1.4598249168793276,144.5500030517578,CCI,5.798706251658167,0.04011557336032621
2022-10-31,0.0,133.25999450683594,CCI,5.798706251658167,0.043514231507496476
2022-11-30,0.0,141.42999267578125,CCI,5.798706251658167,0.04100054127098282
2022-12-31,1.5003384161667852,135.63999938964844,CCI,5.8459144505190705,0.043098750197762166
2023-01-31,0.0,148.11000061035156,CCI,5.84591445051907,0.039470085925517796
2023-02-28,0.0,130.75,CCI,5.84591445051907,0.04471062677261239
2023-03-31,1.5908828137337598,133.83999633789062,CCI,5.961607471602557,0.04454279464078857
2023-04-30,0.0,123.08999633789062,CCI,5.961607471602557,0.0484329161505337
2023-05-31,0.0,113.20999908447266,CCI,5.961607471602557,0.05265972546430506
2023-06-30,1.5701323097386297,113.94000244140624,CCI,6.121178456518503,0.05372282188308996
2023-07-31,0.0,108.29000091552734,CCI,6.121178456518502,0.05652579559301496
2023-08-31,0.0,100.5,CCI,6.121178456518502,0.060907248323567184
2023-09-30,1.6099733145361992,92.02999877929688,CCI,6.271326854175374,0.06814437615298737
2023-10-31,0.0,92.9800033569336,CCI,6.271326854175374,0.06744812462633361
2023-11-30,0.0,117.27999877929688,CCI,6.271326854175374,0.0534731149339203
2023-12-31,1.5562276956915049,115.19000244140624,CCI,6.327216133700094,0.05492851809703331
2024-01-31,0.0,108.25,CCI,6.327216133700094,0.0584500335676683
2024-02-29,0.0,109.94000244140624,CCI,6.327216133700094,0.0575515371401984
2024-03-31,1.5313112879884228,105.83000183105467,CCI,6.2676446079547565,0.05922370310415684
2024-04-30,0.0,93.77999877929688,CCI,6.2676446079547565,0.06683348997162089
2024-05-31,0.0,102.5,CCI,6.2676446079547565,0.06114775227272933
2024-06-30,1.578293251105213,97.6999969482422,CCI,6.2758055493213405,0.06423547334035258
2024-07-31,0.0,110.08000183105467,CCI,6.2758055493213405,0.05701131399827859
2024-08-31,0.0,112.0199966430664,CCI,6.2758055493213405,0.05602397551678366
2024-09-30,1.5829197544528928,118.62999725341795,CCI,6.248751989238033,0.052674299367043056
2024-10-31,0.0,107.48999786376952,CCI,6.248751989238034,0.05813333438854065
2024-11-30,0.0,106.25,CCI,6.248751989238034,0.058811783428122676
2024-12-31,1.563470899511678,90.76000213623048,CCI,6.255995193058206,0.06892898904594534
2025-01-31,0.0,89.27999877929688,CCI,6.255995193058206,0.0700716317046916
2025-02-28,0.0,94.0999984741211,CCI,6.255995193058206,0.06648241545698536
2025-03-31,1.72723544896503,104.2300033569336,CCI,6.451919354034814,0.06190078812470478
2025-04-30,0.0,105.76000213623048,CCI,6.451919354034814,0.06100528766748732
2025-05-31,0.0,100.3499984741211,CCI,6.451919354034814,0.06429416494409491
2025-06-30,1.0567967920852648,102.7300033569336,CCI,5.930422895014865,0.057728245899201565
2025-07-31,0.0,105.08999633789062,CCI,5.930422895014866,0.056431849858925416
2025-08-31,0.0,99.13999938964844,CCI,5.930422895014866,0.059818669876188064
2025-09-30,1.0544720868854935,96.48999786376952,CCI,5.4019752274474655,0.055984820676173136
2025-10-31,0.0,90.22000122070312,CCI,5.4019752274474655,0.059875583621781796
2025-11-30,0.0,91.27999877929688,CCI,5.4019752274474655,0.05918027278362192
2025-12-31,1.0581867450829472,89.0999984741211,CCI,4.896691073018736,0.05495725204126652
2015-01-31,0.0,77.05000305175781,CPT,0.0,0.0
2015-02-28,0.0,72.79000091552734,CPT,0.0,0.0
2015-03-31,0.701358707440036,78.12999725341797,CPT,0.701358707440036,0.008976817254519404
2015-04-30,0.0,75.08000183105469,CPT,0.701358707440036,0.009341484953852773
2015-05-31,0.0,74.9800033569336,CPT,0.701358707440036,0.009353943398765927
2015-06-30,0.707003539065596,74.27999877929688,CPT,1.408362246505632,0.01896018133616565
2015-07-31,0.0,79.62999725341797,CPT,1.408362246505632,0.017686327955325664
2015-08-31,0.0,72.02999877929688,CPT,1.408362246505632,0.019552440238419504
2015-09-30,0.6948526364094321,73.9000015258789,CPT,2.103214882915064,0.028460281995779706
2015-10-31,0.0,73.79000091552734,CPT,2.103214882915064,0.028502708453991804
2015-11-30,0.0,76.37999725341797,CPT,2.103214882915064,0.027536200033326737
2015-12-31,0.704788520619358,76.76000213623047,CPT,2.808003403534422,0.03658159621401383
2016-01-31,0.0,76.30000305175781,CPT,2.808003403534422,0.03680214012088078
2016-02-29,0.0,74.73999786376953,CPT,2.808003403534422,0.037570290123002684
2016-03-31,0.7682615046211358,84.08999633789062,CPT,2.8749062007155217,0.034188444831934194
2016-04-30,0.0,80.7300033569336,CPT,2.8749062007155217,0.035611372242914774
2016-05-31,0.0,85.20999908447266,CPT,2.8749062007155217,0.03373907090252979
2016-06-30,0.7605484841222516,88.41999816894531,CPT,2.9284511457721774,0.03311978292712408
2016-07-31,0.0,89.58999633789062,CPT,2.9284511457721774,0.03268725600487202
2016-08-31,0.0,87.7699966430664,CPT,2.9284511457721774,0.033365059334356455
2016-09-30,5.03755372463221,83.73999786376953,CPT,7.271152233994956,0.0868300981548132
2016-10-31,0.0,81.44000244140625,CPT,7.271152233994956,0.08928231846783577
2016-11-30,0.0,78.70999908447266,CPT,7.271152233994956,0.09237901560882315
2016-12-31,0.7427158252048625,84.06999969482422,CPT,7.30907953858046,0.08694040163093333
2017-01-31,0.0,83.56999969482422,CPT,7.30907953858046,0.0874605667736186
2017-02-28,0.0,84.6500015258789,CPT,7.30907953858046,0.08634470651894735
2017-03-31,0.7540455142327355,80.45999908447266,CPT,7.29486354819206,0.09066447466067444
2017-04-30,0.0,82.33000183105469,CPT,7.29486354819206,0.08860516684016949
2017-05-31,0.0,83.30999755859375,CPT,7.29486354819206,0.08756288275079377
2017-06-30,0.7535478409600096,85.51000213623047,CPT,7.287862905029818,0.08522819229286349
2017-07-31,0.0,89.69999694824219,CPT,7.287862905029818,0.08124708085815197
2017-08-31,0.0,89.4800033569336,CPT,7.287862905029818,0.08144683316515654
2017-09-30,0.7543586561033296,91.4499969482422,CPT,3.0046678365009374,0.03285585496740349
2017-10-31,0.0,91.23999786376952,CPT,3.0046678365009374,0.03293147640125122
2017-11-30,0.0,91.27999877929688,CPT,3.0046678365009374,0.03291704509950567
2017-12-31,0.7505385802606381,92.05999755859376,CPT,3.012490591556713,0.03272312265313001
2018-01-31,0.0,86.55999755859375,CPT,3.0124905915567126,0.03480234145706292
2018-02-28,0.0,79.70999908447266,CPT,3.0124905915567126,0.037793132933852204
2018-03-31,0.7938946182658424,84.18000030517578,CPT,3.05233969558982,0.03625967788695943
2018-04-30,0.0,85.4000015258789,CPT,3.05233969558982,0.03574168197953561
2018-05-31,0.0,88.0,CPT,3.05233969558982,0.03468567835897523
2018-06-30,0.778701986154105,91.12999725341795,CPT,3.077493840783915,0.033770371266728966
2018-07-31,0.0,92.58999633789062,CPT,3.077493840783915,0.033237865455282574
2018-08-31,0.0,95.05999755859376,CPT,3.077493840783915,0.032374225960683276
2018-09-30,0.7678153275798962,93.56999969482422,CPT,3.0909505122604815,0.03303356334660174
2018-10-31,0.0,90.2699966430664,CPT,3.0909505122604815,0.03424117234082002
2018-11-30,0.0,95.16000366210938,CPT,3.0909505122604815,0.032481614053270894
2018-12-31,0.7742797842569742,88.05000305175781,CPT,3.114691716256818,0.0353741238876043
2019-01-31,0.0,96.9499969482422,CPT,3.114691716256818,0.032126785088189634
2019-02-28,0.0,98.08999633789062,CPT,3.114691716256818,0.03175340842635613
2019-03-31,0.8079597943759543,101.5,CPT,3.1287568923669298,0.030825191057802265
2019-04-30,0.0,100.6500015258789,CPT,3.1287568923669298,0.031085512617329378
2019-05-31,0.0,103.36000061035156,CPT,3.1287568923669298,0.03027048059105355
2019-06-30,0.8013867994492431,104.38999938964844,CPT,3.151441705662068,0.030189115088495467
2019-07-31,0.0,103.70999908447266,CPT,3.151441705662068,0.030387057501516247
2019-08-31,0.0,108.25,CPT,3.151441705662068,0.029112625456462524
2019-09-30,0.7989600437532078,111.01000213623048,CPT,3.1825864218353797,0.028669366368714578
2019-10-31,0.0,114.37000274658205,CPT,3.1825864218353797,0.02782710803012979
2019-11-30,0.0,111.5500030517578,CPT,3.1825864218353797,0.028530581217095077
2019-12-31,0.7916465468633946,106.0999984741211,CPT,3.1999531844418,0.03015978539549463
2020-01-31,0.0,112.43000030517578,CPT,3.1999531844418,0.028461737754655936
2020-02-29,0.0,105.9800033569336,CPT,3.1999531844418,0.030193933601460367
2020-03-31,0.8151433015183877,79.23999786376953,CPT,3.207136691584233,0.04047370997028528
2020-04-30,0.0,88.06999969482422,CPT,3.207136691584233,0.036415768169608766
2020-05-31,0.0,91.56999969482422,CPT,3.207136691584233,0.035023880116552074
2020-06-30,0.849160494432376,91.22000122070312,CPT,3.254910386567366,0.03568198139673602
2020-07-31,0.0,90.80999755859376,CPT,3.254910386567366,0.03584308417657631
2020-08-31,0.0,90.94000244140624,CPT,3.254910386567366,0.0357918440640525
2020-09-30,0.8233706298002474,88.9800033569336,CPT,3.2793209726144057,0.036854583601888244
2020-10-31,0.0,92.23999786376952,CPT,3.2793209726144057,0.03555204952907391
2020-11-30,0.0,98.83000183105467,CPT,3.2793209726144057,0.033181431871470095
2020-12-31,0.8511696832355871,99.91999816894533,CPT,3.338844108986598,0.03341517384078871
2021-01-31,0.0,102.1500015258789,CPT,3.338844108986598,0.03268569808235126
2021-02-28,0.0,104.1500015258789,CPT,3.338844108986598,0.03205803226183315
2021-03-31,0.8346659315825843,109.91000366210938,CPT,3.358366739050795,0.030555605742451322
2021-04-30,0.0,120.4800033569336,CPT,3.358366739050795,0.02787488915568263
2021-05-31,0.0,125.37999725341795,CPT,3.358366739050795,0.02678550656100962
2021-06-30,0.8299837281002662,132.6699981689453,CPT,3.3391899727186853,0.025169141620598176
2021-07-31,0.0,149.38999938964844,CPT,3.3391899727186853,0.022352165381627716
2021-08-31,0.0,150.0399932861328,CPT,3.3391899727186853,0.02225533272552675
2021-09-30,0.8460081674233905,147.47000122070312,CPT,3.361827510341828,0.022796687343282298
2021-10-31,0.0,163.10000610351562,CPT,3.361827510341828,0.02061206244350572
2021-11-30,0.0,165.2100067138672,CPT,3.361827510341828,0.020348812866791362
2021-12-31,0.8504236919851833,178.67999267578125,CPT,3.3610815190914245,0.018810620421225225
2022-01-31,0.0,160.08999633789062,CPT,3.3610815190914245,0.020994950315305322
2022-02-28,0.0,165.11000061035156,CPT,3.3610815190914245,0.020356619869582277
2022-03-31,0.9357075506428602,166.1999969482422,CPT,3.4621231381517,0.020831066195686334
2022-04-30,0.0,156.88999938964844,CPT,3.4621231381517,0.022067200915421317
2022-05-31,0.0,143.49000549316406,CPT,3.4621231381517,0.024127974113964595
2022-06-30,0.9405601565988542,134.47999572753906,CPT,3.5726995666502885,0.026566773350355368
2022-07-31,0.0,141.10000610351562,CPT,3.5726995666502885,0.025320336017769115
2022-08-31,0.0,128.50999450683594,CPT,3.5726995666502885,0.027800947158707123
2022-09-30,0.9305649759960183,119.4499969482422,CPT,3.657256375222916,0.030617467297279287
2022-10-31,0.0,115.5500030517578,CPT,3.657256375222916,0.03165085485618497
2022-11-30,0.0,120.33000183105467,CPT,3.657256375222916,0.03039355372368202
2022-12-31,0.9310019791932925,111.87999725341795,CPT,3.737834662431025,0.03340932029131627
2023-01-31,0.0,123.20999908447266,CPT,3.737834662431025,0.030337104863286047
2023-02-28,0.0,114.76000213623048,CPT,3.737834662431025,0.03257088352084447
2023-03-31,1.015462631576867,104.83999633789062,CPT,3.8175897433650317,0.036413486042686
2023-04-30,0.0,110.0500030517578,CPT,3.8175897433650317,0.03468959234439616
2023-05-31,0.0,104.47000122070312,CPT,3.8175897433650317,0.03654244949514262
2023-06-30,1.0148690002192258,108.87000274658205,CPT,3.8918985869854033,0.035748126102693505
2023-07-31,0.0,109.08999633789062,CPT,3.8918985869854037,0.03567603554528323
2023-08-31,0.0,107.62000274658205,CPT,3.8918985869854037,0.03616333848410916
2023-09-30,1.007869143972625,94.58000183105467,CPT,3.9692027549620104,0.041966617446805236
2023-10-31,0.0,84.87999725341797,CPT,3.9692027549620104,0.04676252218896222
2023-11-30,0.0,90.26000213623048,CPT,3.9692027549620104,0.043975212286957915
2023-12-31,1.0463477479588104,99.29000091552734,CPT,4.084548523727528,0.04113756154763788
2024-01-31,0.0,93.83999633789062,CPT,4.084548523727528,0.04352673362241248
2024-02-29,0.0,94.4800033569336,CPT,4.084548523727528,0.043231883770120286
2024-03-31,1.0504553321528596,98.4000015258789,CPT,4.119541224303521,0.04186525569534767
2024-04-30,0.0,99.68000030517578,CPT,4.119541224303521,0.041327660630932184
2024-05-31,0.0,102.6500015258789,CPT,4.119541224303521,0.040131915860370945
2024-06-30,1.033789885069951,109.11000061035156,CPT,4.138462109154246,0.03792926483369132
2024-07-31,0.0,110.75,CPT,4.138462109154246,0.037367603694395
2024-08-31,0.0,125.1999969482422,CPT,4.138462109154246,0.033054809984261344
2024-09-30,1.037140824157742,123.52999877929688,CPT,4.167733789339363,0.033738637015496016
2024-10-31,0.0,115.79000091552734,CPT,4.167733789339363,0.03599390065105763
2024-11-30,0.0,125.8000030517578,CPT,4.167733789339363,0.033129838539229885
2024-12-31,0.9931050024478967,116.04000091552734,CPT,4.114491043828449,0.03545752336578867
2025-01-31,0.0,113.70999908447266,CPT,4.114491043828449,0.036184074197132696
2025-02-28,0.0,124.05999755859376,CPT,4.114491043828449,0.03316533229726341
2025-03-31,1.0590880897155175,122.3000030517578,CPT,4.123123801391107,0.03371319459122324
2025-04-30,0.0,113.8000030517578,CPT,4.123123801391107,0.036231315385078275
2025-05-31,0.0,117.48999786376952,CPT,4.123123801391107,0.03509340264157548
2025-06-30,1.049812668168829,112.69000244140624,CPT,4.139146584489985,0.0367303797569989
2025-07-31,0.0,109.1999969482422,CPT,4.139146584489985,0.03790427381103157
2025-08-31,0.0,111.9800033569336,CPT,4.139146584489985,0.03696326540816893
2025-09-30,1.0627403510747613,106.77999877929688,CPT,4.164746111407004,0.03900305449539384
2025-10-31,0.0,99.4800033569336,CPT,4.164746111407004,0.041865158533056356
2025-11-30,0.0,106.33999633789062,CPT,4.164746111407004,0.03916443722805583
2025-12-31,1.084511363650373,110.72000122070312,CPT,4.256152472609481,0.03844068303544815
2015-01-31,0.0,24.63999938964844,CUBE,0.0,0.0
2015-02-28,0.0,23.200000762939453,CUBE,0.0,0.0
2015-03-31,0.1633201166418465,24.149999618530273,CUBE,0.1633201166418465,0.006762737855967961
2015-04-30,0.0,23.06999969482422,CUBE,0.1633201166418465,0.007079328946783106
2015-05-31,0.0,23.790000915527344,CUBE,0.1633201166418465,0.006865073995657148
2015-06-30,0.15840792933754239,23.15999984741211,CUBE,0.32172804597938887,0.013891539209804384
2015-07-31,0.0,26.15999984741211,CUBE,0.32172804597938887,0.01229847277736953
2015-08-31,0.0,25.290000915527344,CUBE,0.32172804597938887,0.0127215513773215
2015-09-30,0.162040054319249,27.209999084472656,CUBE,0.4837681002986379,0.01777905610348585
2015-10-31,0.0,27.81999969482422,CUBE,0.4837681002986379,0.017389220187110237
2015-11-30,0.0,29.1200008392334,CUBE,0.4837681002986379,0.016612915053452085
2015-12-31,0.20865650060651908,30.6200008392334,CUBE,0.692424600905157,0.022613474262807777
2016-01-31,0.0,31.290000915527344,CUBE,0.692424600905157,0.02212926112640503
2016-02-29,0.0,29.899999618530273,CUBE,0.692424600905157,0.02315801370365345
2016-03-31,0.21139598130341,33.29999923706055,CUBE,0.7405004655667204,0.022237251727699612
2016-04-30,0.0,29.61000061035156,CUBE,0.7405004655667204,0.02500845830134309
2016-05-31,0.0,31.84000015258789,CUBE,0.7405004655667204,0.02325692405835413
2016-06-30,0.21095611620064625,30.8799991607666,CUBE,0.7930486524298244,0.02568162804348136
2016-07-31,0.0,29.709999084472656,CUBE,0.7930486524298244,0.026692988114035168
2016-08-31,0.0,27.530000686645508,CUBE,0.7930486524298244,0.028806706598250225
2016-09-30,0.21105603174902815,27.260000228881836,CUBE,0.8420646298596035,0.03089011822411653
2016-10-31,0.0,26.06999969482422,CUBE,0.8420646298596035,0.03230013961322684
2016-11-30,0.0,24.649999618530273,CUBE,0.8420646298596035,0.03416083743979427
2016-12-31,0.27766142192066273,26.770000457763672,CUBE,0.9110695511737471,0.03403322882310689
2017-01-31,0.0,25.1299991607666,CUBE,0.9110695511737471,0.036254261106228966
2017-02-28,0.0,27.25,CUBE,0.9110695511737471,0.033433744997201725
2017-03-31,0.2695817945636371,25.959999084472656,CUBE,0.9692553644339743,0.03733649455379646
2017-04-30,0.0,25.34000015258789,CUBE,0.9692553644339743,0.03825001415143983
2017-05-31,0.0,24.959999084472656,CUBE,0.9692553644339743,0.038832347755851385
2017-06-30,0.270906348757478,24.040000915527344,CUBE,1.029205596990806,0.04281221122275607
2017-07-31,0.0,24.65999984741211,CUBE,1.029205596990806,0.04173583144197845
2017-08-31,0.0,24.649999618530273,CUBE,1.029205596990806,0.04175276320155056
2017-09-30,0.27231455383844544,25.959999084472656,CUBE,1.0904641190802233,0.042005553063846526
2017-10-31,0.0,27.219999313354492,CUBE,1.0904641190802233,0.040061136906246256
2017-11-30,0.0,28.540000915527344,CUBE,1.0904641190802233,0.038208272042729696
2017-12-31,0.3019910758830521,28.920000076293945,CUBE,1.1147937730426127,0.03854750242398588
2018-01-31,0.0,27.530000686645508,CUBE,1.1147937730426127,0.04049377934027392
2018-02-28,0.0,26.809999465942383,CUBE,1.1147937730426127,0.04158126800631875
2018-03-31,0.30106184740279773,28.200000762939453,CUBE,1.146273825881773,0.04064800691027677
2018-04-30,0.0,29.440000534057617,CUBE,1.146273825881773,0.03893593087933908
2018-05-31,0.0,30.5,CUBE,1.146273825881773,0.03758274838956633
2018-06-30,0.29999923706054854,32.220001220703125,CUBE,1.1753667141848438,0.03647941246599352
2018-07-31,0.0,30.36000061035156,CUBE,1.1753667141848438,0.0387143178707345
2018-08-31,0.0,30.549999237060547,CUBE,1.1753667141848438,0.038473543159994364
2018-09-30,0.30523369310962617,28.530000686645508,CUBE,1.2082858534560246,0.04235141340258033
2018-10-31,0.0,28.979999542236328,CUBE,1.2082858534560246,0.041693784421736525
2018-11-30,0.0,31.13999938964844,CUBE,1.2082858534560246,0.038801730158597336
2018-12-31,0.31899713742916747,28.690000534057617,CUBE,1.22529191500214,0.04270797811758867
2019-01-31,0.0,30.950000762939453,CUBE,1.22529191500214,0.03958939853950972
2019-02-28,0.0,30.63999938964844,CUBE,1.22529191500214,0.03998994580320058
2019-03-31,0.3193105212270655,32.040000915527344,CUBE,1.2435405888264077,0.03881212713148702
2019-04-30,0.0,31.90999984741211,CUBE,1.2435405888264077,0.03897024740748341
2019-05-31,0.0,33.720001220703125,CUBE,1.2435405888264077,0.03687842656609719
2019-06-30,0.3224052144852104,33.439998626708984,CUBE,1.2659465662510696,0.03785725533014648
2019-07-31,0.0,33.95000076293945,CUBE,1.2659465662510696,0.03728855781449655
2019-08-31,0.0,35.88999938964844,CUBE,1.2659465662510696,0.03527296148732172
2019-09-30,0.3215642694288326,34.900001525878906,CUBE,1.282277142570276,0.03674146379676938
2019-10-31,0.0,31.700000762939453,CUBE,1.282277142570276,0.04045038207284175
2019-11-30,0.0,30.84000015258789,CUBE,1.282277142570276,0.04157837666102202
2019-12-31,0.334675576192889,31.479999542236328,CUBE,1.2979555813339976,0.04123111817687756
2020-01-31,0.0,31.670000076293945,CUBE,1.2979555813339976,0.04098375681108889
2020-02-29,0.0,30.270000457763672,CUBE,1.2979555813339976,0.04287927194269655
2020-03-31,0.3301354175795192,26.790000915527344,CUBE,1.3087804776864513,0.04885331963269509
2020-04-30,0.0,25.200000762939453,CUBE,1.3087804776864513,0.05193573166915209
2020-05-31,0.0,28.459999084472656,CUBE,1.3087804776864513,0.04598666619074145
2020-06-30,0.3339653391887927,26.989999771118164,CUBE,1.3203406023900335,0.048919622585655666
2020-07-31,0.0,29.670000076293945,CUBE,1.3203406023900335,0.04450086279052535
2020-08-31,0.0,31.6200008392334,CUBE,1.3203406023900335,0.04175650118110636
2020-09-30,0.3333029653071156,32.310001373291016,CUBE,1.3320792982683165,0.04122807928350868
2020-10-31,0.0,33.93000030517578,CUBE,1.3320792982683165,0.039259631190310285
2020-11-30,0.0,32.529998779296875,CUBE,1.3320792982683165,0.04094925755472497
2020-12-31,0.34213206244618327,33.61000061035156,CUBE,1.3395357845216107,0.039855274031415706
2021-01-31,0.0,34.84000015258789,CUBE,1.3395357845216107,0.03844821408309067
2021-02-28,0.0,36.959999084472656,CUBE,1.3395357845216107,0.03624285221057719
2021-03-31,0.3383841892858225,37.83000183105469,CUBE,1.347784556227914,0.03562739865165738
2021-04-30,0.0,42.34000015258789,CUBE,1.347784556227914,0.03183241736822562
2021-05-31,0.0,43.790000915527344,CUBE,1.347784556227914,0.030778363280417467
2021-06-30,0.33860364592713676,46.31999969482422,CUBE,1.352422862966258,0.029197384971429034
2021-07-31,0.0,49.65999984741211,CUBE,1.352422862966258,0.02723364613616155
2021-08-31,0.0,53.5,CUBE,1.352422862966258,0.025278932018060897
2021-09-30,0.33232160827501767,48.45000076293945,CUBE,1.3514415059341602,0.027893529095006944
2021-10-31,0.0,55.0099983215332,CUBE,1.3514415059341602,0.02456719773076506
2021-11-30,0.0,53.91999816894531,CUBE,1.3514415059341602,0.025063826999766285
2021-12-31,0.4324225808558849,56.90999984741211,CUBE,1.4417320243438618,0.025333544688270145
2022-01-31,0.0,50.7400016784668,CUBE,1.4417320243438618,0.028414110694752078
2022-02-28,0.0,48.209999084472656,CUBE,1.4417320243438618,0.029905248946752436
2022-03-31,0.4240549666884371,52.029998779296875,CUBE,1.5274028017464765,0.029356195225479064
2022-04-30,0.0,47.5099983215332,CUBE,1.5274028017464765,0.032149081366189054
2022-05-31,0.0,44.529998779296875,CUBE,1.5274028017464765,0.03430053545064557
2022-06-30,0.4279984568058491,42.720001220703125,CUBE,1.6167976126251888,0.03784638498188175
2022-07-31,0.0,45.869998931884766,CUBE,1.6167976126251888,0.03524738718712579
2022-08-31,0.0,46.04999923706055,CUBE,1.6167976126251888,0.03510961214791959
2022-09-30,0.4412347887340144,40.060001373291016,CUBE,1.7257107930841855,0.04307815112145151
2022-10-31,0.0,41.869998931884766,CUBE,1.7257107930841855,0.041215926369895975
2022-11-30,0.0,41.38999938964844,CUBE,1.7257107930841855,0.0416939071885027
2022-12-31,0.4850536652127445,40.25,CUBE,1.778341877441045,0.04418240689294522
2023-01-31,0.0,45.790000915527344,CUBE,1.778341877441045,0.03883690416870053
2023-02-28,0.0,46.9900016784668,CUBE,1.778341877441045,0.03784511202211707
2023-03-31,0.5029488182040843,46.220001220703125,CUBE,1.8572357289566923,0.04018251146485883
2023-04-30,0.0,45.4900016784668,CUBE,1.8572357289566923,0.0408273392048661
2023-05-31,0.0,44.439998626708984,CUBE,1.8572357289566923,0.041791984391297235
2023-06-30,0.4934233253389032,44.65999984741211,CUBE,1.9226605974897466,0.043051065921603626
2023-07-31,0.0,43.36000061035156,CUBE,1.9226605974897466,0.04434180282346997
2023-08-31,0.0,41.709999084472656,CUBE,1.9226605974897466,0.046095915600379234
2023-09-30,0.48948283766147055,38.130001068115234,CUBE,1.9709086464172025,0.05168918413866241
2023-10-31,0.0,34.09000015258789,CUBE,1.9709086464172025,0.05781486176577749
2023-11-30,0.0,39.7599983215332,CUBE,1.9709086464172025,0.04957013907492543
2023-12-31,0.5038066243277203,46.349998474121094,CUBE,1.9896616055321785,0.04292689689392503
2024-01-31,0.0,43.220001220703125,CUBE,1.9896616055321785,0.04603566749968291
2024-02-29,0.0,43.61000061035156,CUBE,1.9896616055321785,0.04562397564057587
2024-03-31,0.5137513377391159,45.220001220703125,CUBE,2.00046412506721,0.04423848012085712
2024-04-30,0.0,40.439998626708984,CUBE,2.00046412506721,0.04946746273492661
2024-05-31,0.0,42.310001373291016,CUBE,2.00046412506721,0.04728111699684417
2024-06-30,0.0,45.16999816894531,CUBE,1.5070407997283066,0.03336375605090034
2024-07-31,0.4994879377739749,47.58000183105469,CUBE,2.0065287375022813,0.0421716826457256
2024-08-31,0.0,51.83000183105469,CUBE,2.0065287375022813,0.03871365361017682
2024-09-30,0.0,53.83000183105469,CUBE,1.5170458998408112,0.028182163259106986
2024-10-31,0.5072283416238929,47.84000015258789,CUBE,2.024274241464704,0.04231342464481998
2024-11-30,0.0,49.560001373291016,CUBE,2.024274241464704,0.04084491899460742
2024-12-31,0.0,42.849998474121094,CUBE,1.5204676171369835,0.03548349291203026
2025-01-31,0.5110355958390091,41.70000076293945,CUBE,2.0315032129759927,0.04871710253735715
2025-02-28,0.0,41.279998779296875,CUBE,2.0315032129759927,0.04921277308745588
2025-03-31,0.0,42.709999084472656,CUBE,1.5177518752368768,0.03553621886610295
2025-04-30,0.5180239555045377,40.66999816894531,CUBE,2.0357758307414144,0.05005596071789073
2025-05-31,0.0,42.7599983215332,CUBE,2.0357758307414144,0.047609352447430586
2025-06-30,0.0,42.5,CUBE,2.0357758307414144,0.047900607782150925
2025-07-31,0.5277966203923523,38.90999984741211,CUBE,2.064084513359792,0.05304766182097719
2025-08-31,0.0,40.91999816894531,CUBE,2.064084513359792,0.05044195028645555
2025-09-30,0.0,40.65999984741211,CUBE,2.064084513359792,0.05076449879748745
2025-10-31,0.524410286784741,37.66999816894531,CUBE,2.0812664585206404,0.05524997503813024
2025-11-30,0.0,37.22999954223633,CUBE,2.0812664585206404,0.05590294074969046
2025-12-31,0.0,36.310001373291016,CUBE,2.0812664585206404,0.0573193715176112
2015-01-31,0.0,72.94000244140625,DLR,0.0,0.0
2015-02-28,0.0,66.37999725341797,DLR,0.0,0.0
2015-03-31,0.8601279350860358,65.95999908447266,DLR,0.8601279350860358,0.013040144739609533
2015-04-30,0.0,63.40999984741211,DLR,0.8601279350860358,0.01356454718744396
2015-05-31,0.0,66.04000091552734,DLR,0.8601279350860358,0.013024347715958349
2015-06-30,0.8639102433604662,66.68000030517578,DLR,1.724038178446502,0.025855401478045284
2015-07-31,0.0,64.2699966430664,DLR,1.724038178446502,0.026824930270670788
2015-08-31,0.0,63.31999969482422,DLR,1.724038178446502,0.027227387661965276
2015-09-30,0.8612745216261773,65.31999969482422,DLR,2.5853127000726794,0.03957919032687216
2015-10-31,0.0,73.95999908447266,DLR,2.5853127000726794,0.03495555343530887
2015-11-30,0.0,72.11000061035156,DLR,2.5853127000726794,0.03585234611274642
2015-12-31,0.8552528018831754,75.62000274658203,DLR,3.440565501955855,0.045498087503195256
2016-01-31,0.0,80.08000183105469,DLR,3.440565501955855,0.0429641036873905
2016-02-29,0.0,79.06999969482422,DLR,3.440565501955855,0.04351290647824636
2016-03-31,0.8928096887660333,88.48999786376953,DLR,3.4732472556358527,0.039250167696725694
2016-04-30,0.0,87.9800033569336,DLR,3.4732472556358527,0.03947768951025086
2016-05-31,0.0,95.4499969482422,DLR,3.4732472556358527,0.03638813375257856
2016-06-30,0.8696215951976684,108.98999786376952,DLR,3.478958607473054,0.03191998050886769
2016-07-31,0.0,104.45999908447266,DLR,3.4789586074730545,0.0333042182458738
2016-08-31,0.0,99.08999633789062,DLR,3.4789586074730545,0.03510907998835751
2016-09-30,0.8597523050298055,97.12000274658205,DLR,3.4774363908766825,0.03580556314388144
2016-10-31,0.0,93.43000030517578,DLR,3.4774363908766825,0.037219697950531226
2016-11-30,0.0,92.33000183105467,DLR,3.4774363908766825,0.03766312489887839
2016-12-31,0.889976851040617,98.26000213623048,DLR,3.512160440034124,0.03574354125460698
2017-01-31,0.0,107.62999725341795,DLR,3.5121604400341244,0.03263179903056804
2017-02-28,0.0,108.0,DLR,3.5121604400341244,0.03252000407439004
2017-03-31,0.9317117044098988,106.38999938964844,DLR,3.55106245567799,0.03337778434110511
2017-04-30,0.0,114.83999633789062,DLR,3.5510624556779895,0.030921826618922853
2017-05-31,0.0,118.19000244140624,DLR,3.5510624556779895,0.030045370863228983
2017-06-30,0.9429674810037361,112.9499969482422,DLR,3.6244083414840573,0.03208860946800107
2017-07-31,0.0,115.33999633789062,DLR,3.6244083414840573,0.031423690450503285
2017-08-31,0.0,118.33999633789062,DLR,3.6244083414840573,0.03062707836440568
2017-09-30,0.9324533459284872,118.33000183105467,DLR,3.697109382382739,0.031244057510125593
2017-10-31,0.0,118.44000244140624,DLR,3.697109382382739,0.03121503973466858
2017-11-30,0.0,116.6999969482422,DLR,3.697109382382739,0.03168045826104391
2017-12-31,0.9372609973386116,113.9000015258789,DLR,3.7443935286807335,0.03287439401684275
2018-01-31,0.0,111.9499969482422,DLR,3.7443935286807335,0.03344701769319277
2018-02-28,0.0,100.63999938964844,DLR,3.7443935286807335,0.037205818276921335
2018-03-31,1.0179061694481932,105.37999725341795,DLR,3.830587993719028,0.03635023812448225
2018-04-30,0.0,105.69000244140624,DLR,3.830587993719028,0.036243617231844404
2018-05-31,0.0,107.4800033569336,DLR,3.830587993719028,0.03564000627165886
2018-06-30,1.027614570929193,111.58000183105467,DLR,3.915235083644485,0.035089039428163965
2018-07-31,0.0,121.41999816894533,DLR,3.915235083644485,0.032245389084891746
2018-08-31,0.0,124.27999877929688,DLR,3.915235083644485,0.03150334021645245
2018-09-30,1.016249671161008,112.4800033569336,DLR,3.9990314088770056,0.03555326537630739
2018-10-31,0.0,103.26000213623048,DLR,3.9990314088770056,0.03872778739246103
2018-11-30,0.0,115.04000091552734,DLR,3.9990314088770056,0.03476209472402084
2018-12-31,1.016797517901402,106.5500030517578,DLR,4.078567929439796,0.038278440287407484
2019-01-31,0.0,108.33999633789062,DLR,4.078567929439796,0.037646003944098026
2019-02-28,0.0,113.12000274658205,DLR,4.078567929439796,0.03605523188128663
2019-03-31,1.0845300156895334,119.0,DLR,4.145191775681137,0.03483354433345493
2019-04-30,0.0,117.70999908447266,DLR,4.145191775681137,0.035215290187084344
2019-05-31,0.0,117.72000122070312,DLR,4.145191775681137,0.03521229810310376
2019-06-30,1.085836644695746,117.79000091552734,DLR,4.203413849447689,0.035685659366469925
2019-07-31,0.0,114.36000061035156,DLR,4.203413849447689,0.03675597959962942
2019-08-31,0.0,123.62999725341795,DLR,4.203413849447689,0.03399995100567293
2019-09-30,1.072429935802089,129.80999755859375,DLR,4.25959411408877,0.03281406820893029
2019-10-31,0.0,127.04000091552734,DLR,4.25959411408877,0.03352955040453046
2019-11-30,0.0,120.9499969482422,DLR,4.25959411408877,0.035217810843861094
2019-12-31,1.0681636458197312,119.73999786376952,DLR,4.310960242007099,0.03600267512040347
2020-01-31,0.0,122.98999786376952,DLR,4.310960242007099,0.03505130756065348
2020-02-29,0.0,120.11000061035156,DLR,4.310960242007099,0.03589176771376657
2020-03-31,1.0104422470110335,138.91000366210938,DLR,4.236872473328599,0.030500844875323372
2020-04-30,0.0,149.49000549316406,DLR,4.236872473328599,0.028342178859056533
2020-05-31,0.0,143.55999755859375,DLR,4.236872473328599,0.02951290432837551
2020-06-30,1.1468696598499357,142.11000061035156,DLR,4.297905488482789,0.030243511857178346
2020-07-31,0.0,160.5399932861328,DLR,4.297905488482789,0.026771556423467444
2020-08-31,0.0,155.64999389648438,DLR,4.297905488482789,0.027612628699112754
2020-09-30,1.1184186200741464,146.75999450683594,DLR,4.3438941727548475,0.029598625888150418
2020-10-31,0.0,144.3000030517578,DLR,4.3438941727548475,0.03010321608376384
2020-11-30,0.0,134.75,DLR,4.3438941727548475,0.032236691449015566
2020-12-31,1.1108015394431079,139.50999450683594,DLR,4.386532066378224,0.03144242161204648
2021-01-31,0.0,143.9499969482422,DLR,4.386532066378224,0.030472609651776648
2021-02-28,0.0,134.72999572753906,DLR,4.386532066378224,0.03255794704580109
2021-03-31,1.1643337919876902,140.83999633789062,DLR,4.54042361135488,0.032238169052929436
2021-04-30,0.0,154.30999755859375,DLR,4.54042361135488,0.0294240404587578
2021-05-31,0.0,151.55999755859375,DLR,4.54042361135488,0.0299579287707466
2021-06-30,1.1692929389884301,150.4600067138672,DLR,4.5628468904933746,0.030325978245970917
2021-07-31,0.0,154.16000366210938,DLR,4.5628468904933746,0.029598123910883546
2021-08-31,0.0,163.91000366210938,DLR,4.5628468904933746,0.027837513199617817
2021-09-30,1.1649683254839778,144.4499969482422,DLR,4.609396595903206,0.031909980569641665
2021-10-31,0.0,157.80999755859375,DLR,4.609396595903206,0.02920852079851132
2021-11-30,0.0,167.74000549316406,DLR,4.609396595903206,0.0274794112612036
2021-12-31,1.1394793009655708,176.8699951171875,DLR,4.638074357425669,0.02622307053467522
2022-01-31,0.0,149.22999572753906,DLR,4.638074357425669,0.031080040810922263
2022-02-28,0.0,134.9199981689453,DLR,4.638074357425669,0.034376478063822116
2022-03-31,1.2029902312222889,141.8000030517578,DLR,4.676730796660268,0.03298117557129554
2022-04-30,0.0,146.1199951171875,DLR,4.676730796660268,0.032006097405831095
2022-05-31,0.0,139.58999633789062,DLR,4.676730796660268,0.03350333777027835
2022-06-30,1.2065576991097344,129.8300018310547,DLR,4.713995556781572,0.03630898475158157
2022-07-31,0.0,132.4499969482422,DLR,4.713995556781572,0.035590756250629976
2022-08-31,0.0,123.62999725341795,DLR,4.713995556781572,0.038129868652498455
2022-09-30,1.190555446588824,99.18000030517578,DLR,4.7395826778864185,0.04778768565540204
2022-10-31,0.0,100.25,DLR,4.7395826778864185,0.04727763269712138
2022-11-30,0.0,112.45999908447266,DLR,4.7395826778864185,0.04214460889623831
2022-12-31,1.1619395800205927,100.2699966430664,DLR,4.76204295694144,0.04749220221770828
2023-01-31,0.0,114.62000274658205,DLR,4.76204295694144,0.04154635179576842
2023-02-28,0.0,104.2300033569336,DLR,4.76204295694144,0.04568783271198714
2023-03-31,1.2315436036202962,98.30999755859376,DLR,4.790596329339447,0.04872949291331436
2023-04-30,0.0,99.1500015258789,DLR,4.790596329339447,0.04831665411612793
2023-05-31,0.0,102.45999908447266,DLR,4.790596329339447,0.04675577173673272
2023-06-30,1.240346124038796,113.87000274658205,DLR,4.824384754268509,0.042367477280256055
2023-07-31,0.0,124.62000274658205,DLR,4.824384754268509,0.03871276398604338
2023-08-31,0.0,131.72000122070312,DLR,4.824384754268509,0.036626060655625285
2023-09-30,1.234306867294774,121.0199966430664,DLR,4.86813617497446,0.04022588258147477
2023-10-31,0.0,124.36000061035156,DLR,4.86813617497446,0.039145514241572324
2023-11-30,0.0,138.77999877929688,DLR,4.86813617497446,0.03507808198439533
2023-12-31,1.1972907982108216,134.5800018310547,DLR,4.9034873931646885,0.03643548318063105
2024-01-31,0.0,140.4600067138672,DLR,4.9034873931646885,0.0349102033232395
2024-02-29,0.0,146.80999755859375,DLR,4.9034873931646885,0.03340022801381523
2024-03-31,1.2208490484008565,144.0399932861328,DLR,4.892792837945248,0.03396829398780799
2024-04-30,0.0,138.77999877929688,DLR,4.892792837945248,0.03525574925048315
2024-05-31,0.0,145.33999633789062,DLR,4.892792837945248,0.03366446237256221
2024-06-30,1.2313190795570275,152.0500030517578,DLR,4.883765793463479,0.032119471854275765
2024-07-31,0.0,149.49000549316406,DLR,4.883765793463479,0.032669513773526525
2024-08-31,0.0,151.61000061035156,DLR,4.883765793463479,0.032212688963804595
2024-09-30,1.217388853370245,161.8300018310547,DLR,4.866847779538951,0.030073828860360412
2024-10-31,0.0,178.22999572753906,DLR,4.866847779538951,0.027306558358329992
2024-11-30,0.0,195.69000244140625,DLR,4.866847779538951,0.024870191214782105
2024-12-31,1.2142913736681165,177.3300018310547,DLR,4.883848354996245,0.027541015646349403
2025-01-31,0.0,163.86000061035156,DLR,4.883848354996245,0.02980500632738138
2025-02-28,0.0,156.32000732421875,DLR,4.883848354996245,0.03124263130865135
2025-03-31,1.2524854336948934,143.2899932861328,DLR,4.915484740290283,0.03430445230376034
2025-04-30,0.0,160.5399932861328,DLR,4.915484740290283,0.030618443664248454
2025-05-31,0.0,171.52000427246094,DLR,4.915484740290283,0.028658375803687568
2025-06-30,1.2141412087923715,174.3300018310547,DLR,4.898306869525626,0.028097899489914736
2025-07-31,0.0,176.44000244140625,DLR,4.898306869525626,0.027761883936451993
2025-08-31,0.0,167.63999938964844,DLR,4.898306869525626,0.029219201189212667
2025-09-30,1.2395448551190624,172.8800048828125,DLR,4.920462871274443,0.028461723347415462
2025-10-31,0.0,170.41000366210938,DLR,4.920462871274443,0.028874260697927014
2025-11-30,0.0,160.1199951171875,DLR,4.920462871274443,0.030729846498391968
2025-12-31,1.2238548691729676,156.38999938964844,DLR,4.930026366779295,0.031523923435129934
2015-01-31,0.29996608456886487,65.05999755859375,EPR,0.29996608456886487,0.004610607067710264
2015-02-28,0.2998277844615628,61.0099983215332,EPR,0.5997938690304276,0.009831074996419614
2015-03-31,0.30329918814625545,60.029998779296875,EPR,0.9030930571766831,0.01504402924439408
2015-04-30,0.305522973315158,57.66999816894531,EPR,1.2086160304918412,0.020957448740524985
2015-05-31,0.30670627625479424,57.66999816894531,EPR,1.5153223067466353,0.026275747439898835
2015-06-30,0.30310383624657833,54.779998779296875,EPR,1.8184261429932136,0.03319507454389457
2015-07-31,0.30408102772612,57.119998931884766,EPR,2.1225071707193335,0.03715873967803133
2015-08-31,0.3077164888051571,50.88999938964844,EPR,2.430223659524491,0.047754444658508366
2015-09-30,0.2961935777366044,51.56999969482422,EPR,2.7264172372610953,0.0528682810431494
2015-10-31,0.30570717854227925,56.810001373291016,EPR,3.0321244158033744,0.05337307415079407
2015-11-30,0.3044081707416987,56.040000915527344,EPR,3.336532586545073,0.05953841063590346
2015-12-31,0.3066521002432179,58.45000076293945,EPR,3.643184686788291,0.06232993394755047
2016-01-31,0.31736766454941817,59.95000076293945,EPR,3.6605862667688442,0.06106065421490012
2016-02-29,0.33105412132815504,62.22999954223633,EPR,3.6918126036354364,0.05932528733396108
2016-03-31,0.32856431567438865,66.62000274658203,EPR,3.71707773116357,0.05579522032298739
2016-04-30,0.3192880094524608,65.87999725341797,EPR,3.7308427673008726,0.05663088832486723
2016-05-31,0.3213188259938559,71.27999877929688,EPR,3.745455317039934,0.05254567033084453
2016-06-30,0.32642127113893576,80.68000030517578,EPR,3.7687727519322913,0.046712602103083
2016-07-31,0.3184046488123551,84.0199966430664,EPR,3.7830963730185267,0.045026142872748136
2016-08-31,0.3234363996710003,78.31999969482422,EPR,3.7988162838843698,0.04850378318036963
2016-09-30,0.32478201061579903,78.73999786376953,EPR,3.8274047167635645,0.04860813843791911
2016-10-31,0.311051564353736,72.72000122070312,EPR,3.832749102575021,0.052705569832744326
2016-11-30,0.32186921918683264,69.54000091552734,EPR,3.850210151020155,0.055366840671991636
2016-12-31,0.3181693646703319,71.7699966430664,EPR,3.861727415447269,0.0538069889379094
2017-01-31,0.3375235988410166,73.97000122070312,EPR,3.881883349738868,0.052479157573034965
2017-02-28,0.34217330920049227,76.95999908447266,EPR,3.893002537611205,0.050584752909601474
2017-03-31,0.34128144369212615,73.62999725341797,EPR,3.905719665628942,0.05304522356813799
2017-04-30,0.3356295552387691,72.70999908447266,EPR,3.9220612114152504,0.05394115335992094
2017-05-31,0.33590727361840467,70.91000366210938,EPR,3.9366496590397997,0.055516139553428635
2017-06-30,0.33984163426688796,71.87000274658203,EPR,3.950070022167752,0.054961317256323715
2017-07-31,0.33923667451353434,72.37999725341797,EPR,3.970902047868931,0.05486187066249737
2017-08-31,0.3412823412638795,69.66000366210938,EPR,3.9887479894618103,0.05726023226770854
2017-09-30,0.3413192640157123,69.73999786376953,EPR,4.005285242861723,0.05743168003368265
2017-10-31,0.34082889467238237,69.18000030517578,EPR,4.03506257318037,0.05832701005175454
2017-11-30,0.34157691321631717,67.81999969482422,EPR,4.054770267209855,0.05978723511435374
2017-12-31,0.34288187217412575,65.45999908447266,EPR,4.079482774713648,0.06232023879880127
2018-01-31,0.3554201811696821,59.060001373291016,EPR,4.097379357042314,0.06937655370416722
2018-02-28,0.35432354260102794,57.630001068115234,EPR,4.1095295904428495,0.0713088584812905
2018-03-31,0.37136247936354755,55.400001525878906,EPR,4.139610626114271,0.07472221140969719
2018-04-30,0.3648281410595617,55.02000045776367,EPR,4.168809211935064,0.07576897813978149
2018-05-31,0.36114183395687205,61.38999938964844,EPR,4.19404377227353,0.06831802922253699
2018-06-30,0.3625670357621997,64.79000091552734,EPR,4.216769173768842,0.06508364121288762
2018-07-31,0.3642854137520929,66.48999786376953,EPR,4.2418179130074005,0.06379633101655988
2018-08-31,0.35935982569335684,70.18000030517578,EPR,4.259895397436878,0.06069956367786893
2018-09-30,0.3634271076580765,68.41000366210938,EPR,4.282003241079242,0.06259323215693582
2018-10-31,0.3689409162948633,68.73999786376953,EPR,4.310115262701723,0.06270170783600555
2018-11-30,0.3574803393325568,70.83000183105469,EPR,4.326018688817963,0.061076077608136735
2018-12-31,0.36070242208795633,64.02999877929688,EPR,4.3438392387317935,0.06784068907613829
2019-01-31,0.3753897943960623,73.05999755859375,EPR,4.363808851958174,0.059729113027391235
2019-02-28,0.37349802843010904,73.4800033569336,EPR,4.382983337787255,0.05964865456655802
2019-03-31,0.3785451926079542,76.9000015258789,EPR,4.390166051031661,0.05708928431625913
2019-04-30,0.37070564198013617,78.86000061035156,EPR,4.3960435519522365,0.05574490892630287
2019-05-31,0.37332875344111777,78.0999984741211,EPR,4.4082304714364815,0.056443413028966646
2019-06-30,0.37673902831838435,74.58999633789062,EPR,4.4224024639926665,0.05928948493252775
2019-07-31,0.3761871495232697,74.43000030517578,EPR,4.434304199763843,0.05957683973642932
2019-08-31,0.37893027594343176,78.25,EPR,4.453874650013918,0.056918525878772115
2019-09-30,0.37219883663465664,76.86000061035156,EPR,4.462646378990498,0.05806201331709937
2019-10-31,0.3708271099959667,77.79000091552734,EPR,4.464532572691601,0.057392113641182047
2019-11-30,0.3748957146710322,70.91999816894531,EPR,4.4819479480300775,0.06319723722148442
2019-12-31,0.3759636609705434,70.63999938964844,EPR,4.497209186912664,0.063663777261749
2020-01-31,0.37407273575826516,71.37000274658203,EPR,4.495892128274867,0.06299414257049582
2020-02-29,0.34693468630083085,59.2400016784668,EPR,4.4693287861455895,0.07544444057249496
2020-03-31,0.40509165000755126,24.219999313354492,EPR,4.4958752435451865,0.18562656362530275
2020-04-30,0.428862309077277,29.420000076293945,EPR,4.554031910642326,0.15479374231245754
2020-05-31,0.0,31.56999969482422,EPR,4.18070315720121,0.13242645542016335
2020-06-30,0.0,33.130001068115234,EPR,3.8039641288828245,0.11481931802724303
2020-07-31,0.0,28.6299991607666,EPR,3.427776979359555,0.11972675794056056
2020-08-31,0.0,32.310001373291016,EPR,3.0488467034161233,0.09436232045277612
2020-09-30,0.0,27.5,EPR,2.6766478667814666,0.09733264970114423
2020-10-31,0.0,23.84000015258789,EPR,2.3058207567855,0.09672066870919031
2020-11-30,0.0,36.02000045776367,EPR,1.9309250421144677,0.053607024363551345
2020-12-31,0.0,32.5,EPR,1.5549613811439242,0.04784496557365921
2021-01-31,0.0,39.63999938964844,EPR,1.180888645385659,0.029790329555202655
2021-02-28,0.0,45.18000030517578,EPR,0.8339539590848283,0.01845847617201745
2021-03-31,0.0,46.59000015258789,EPR,0.428862309077277,0.009205029140860722
2021-04-30,0.0,47.709999084472656,EPR,0.0,0.0
2021-05-31,0.0,49.150001525878906,EPR,0.0,0.0
2021-06-30,0.0,52.68000030517578,EPR,0.0,0.0
2021-07-31,0.2488669904391988,50.29999923706055,EPR,0.2488669904391988,0.0049476539605160874
2021-08-31,0.24984653414983962,50.75,EPR,0.4987135245890384,0.009826867479586963
2021-09-30,0.2491979132525694,49.380001068115234,EPR,0.7479114378416079,0.01514603932085647
2021-10-31,0.25432550046083463,50.209999084472656,EPR,1.0022369383024423,0.019960903337526294
2021-11-30,0.249231832534728,46.119998931884766,EPR,1.2514687708371703,0.02713505637078355
2021-12-31,0.24921529571852605,47.4900016784668,EPR,1.5006840665556964,0.031600000284610345
2022-01-31,0.25454324956089497,43.970001220703125,EPR,1.7552273161165914,0.03991874613117247
2022-02-28,0.2561289716639694,49.79999923706055,EPR,2.011356287780561,0.040388681096278696
2022-03-31,0.2706527115466608,54.709999084472656,EPR,2.2820089993272217,0.04171100415855943
2022-04-30,0.28089588989986797,52.52000045776367,EPR,2.56290488922709,0.04879864559955908
2022-05-31,0.280277497366213,51.2400016784668,EPR,2.843182386593303,0.05548755451716013
2022-06-30,0.2731265926413496,46.93000030517578,EPR,3.116308979234652,0.06640334453377285
2022-07-31,0.2788234107363853,53.810001373291016,EPR,3.146265399531839,0.05846990000437931
2022-08-31,0.2710755304079861,43.4900016784668,EPR,3.1674943957899853,0.07283270346154773
2022-09-30,0.26054053350086664,35.86000061035156,EPR,3.1788370160382824,0.0886457602323816
2022-10-31,0.2786173552911844,38.599998474121094,EPR,3.2031288708686323,0.08298261651528643
2022-11-30,0.280180344906495,41.61000061035156,EPR,3.234077383240399,0.0777235601009782
2022-12-31,0.27955328658800777,37.720001220703125,EPR,3.264415374109881,0.08654335282253817
2023-01-31,0.2709450550752576,42.47999954223633,EPR,3.2808171796242434,0.07723204366709668
2023-02-28,0.27761528070546787,40.84000015258789,EPR,3.302303488665742,0.08085953663877463
2023-03-31,0.27555467641701653,38.099998474121094,EPR,3.3072054535360977,0.08680329622014217
2023-04-30,0.2870791603578925,41.959999084472656,EPR,3.313388723994122,0.07896541459220968
2023-05-31,0.27377278709410335,41.709999084472656,EPR,3.3068840137220126,0.07928276399682452
2023-06-30,0.28273592200140313,46.79999923706055,EPR,3.3164933430820662,0.07086524352880248
2023-07-31,0.2741482729353994,44.63999938964844,EPR,3.3118182052810803,0.07418947693912956
2023-08-31,0.2767005933616459,44.779998779296875,EPR,3.31744326823474,0.07408314780411501
2023-09-30,0.2781836613856295,41.540000915527344,EPR,3.335086396119503,0.08028614161327263
2023-10-31,0.2810899092146016,42.70000076293945,EPR,3.3375589500429204,0.07816297167234908
2023-11-30,0.27452721074967235,44.619998931884766,EPR,3.3319058158860977,0.07467292459985177
2023-12-31,0.27677314211511284,48.45000076293945,EPR,3.3291256714132023,0.0687126030751217
2024-01-31,0.2715885774032283,44.27000045776367,EPR,3.329769193741173,0.07521502505783752
2024-02-29,0.2761641748800423,41.08000183105469,EPR,3.328318087915748,0.08102039774982885
2024-03-31,0.2919551140535017,42.45000076293945,EPR,3.3447185255522327,0.07879195442729664
2024-04-30,0.28736083025603665,40.59000015258789,EPR,3.345000195450377,0.08240946496367801
2024-05-31,0.28991972729956134,41.040000915527344,EPR,3.361147135655835,0.08189929485075027
2024-06-30,0.28874951978142516,41.97999954223633,EPR,3.367160733435857,0.08020868914131685
2024-07-31,0.2822130777823212,45.0,EPR,3.3752255382827787,0.07500501196183952
2024-08-31,0.28880296042345427,47.470001220703125,EPR,3.3873279053445873,0.07135723232017255
2024-09-30,0.2895689074293313,49.040000915527344,EPR,3.398713151388289,0.06930491614881205
2024-10-31,0.2736304560690586,45.369998931884766,EPR,3.3912536982427457,0.0747466118157536
2024-11-30,0.2842191882777614,45.369998931884766,EPR,3.400945675770835,0.07496023266116379
2024-12-31,0.2872976124492003,44.279998779296875,EPR,3.411470146104923,0.07704314002149333
2025-01-31,0.2831911821393219,46.099998474121094,EPR,3.4230727508410164,0.0742532074651284
2025-02-28,0.2917970157204462,53.06999969482422,EPR,3.43870559168142,0.0647956587800167
2025-03-31,0.30191463476910757,52.61000061035156,EPR,3.448665112397026,0.06555151249548676
2025-04-30,0.29635294165247483,49.4900016784668,EPR,3.457657223793464,0.06986577301527751
2025-05-31,0.2989023172654997,55.689998626708984,EPR,3.4666398137594023,0.06224887590671978
2025-06-30,0.3001763180826755,58.2599983215332,EPR,3.478066612060653,0.05969905101722499
2025-07-31,0.2879095671606472,55.040000915527344,EPR,3.4837631014389787,0.06329511343551183
2025-08-31,0.29601313332262996,54.25,EPR,3.4909732743381543,0.06434973777581851
2025-09-30,0.29945753750700105,58.0099983215332,EPR,3.500861904415824,0.06034928470453533
2025-10-31,0.29709308247877514,49.02000045776367,EPR,3.524324530825541,0.07189564459229553
2025-11-30,0.2964985811568434,52.27000045776367,EPR,3.5366039237046225,0.0676603002244537
2025-12-31,0.0,50.540000915527344,EPR,3.249306311255422,0.0642917738898802
2015-01-31,0.0,216.86000061035156,EQIX,0.0,0.0
2015-02-28,0.0,224.17999267578125,EQIX,0.0,0.0
2015-03-31,1.6714326296239403,232.8500061035156,EQIX,1.6714326296239403,0.007178151538810309
2015-04-30,0.0,255.92999267578125,EQIX,1.6714326296239403,0.006530819667319549
2015-05-31,1.6992623375167435,268.07000732421875,EQIX,3.370694967140684,0.012573935446138808
2015-06-30,0.0,254.0,EQIX,3.370694967140684,0.013270452626538125
2015-07-31,0.0,278.9100036621094,EQIX,3.370694967140684,0.012085242274867179
2015-08-31,1.6015994385990637,269.7699890136719,EQIX,4.972294405739747,0.018431606954944692
2015-09-30,0.0,273.3999938964844,EQIX,4.972294405739747,0.01818688557697033
2015-10-31,10.912204768138924,296.67999267578125,EQIX,15.884499173878671,0.053540850633758845
2015-11-30,0.0,296.5,EQIX,15.884499173878671,0.05357335303163127
2015-12-31,1.6790288628127905,302.3999938964844,EQIX,17.563528036691462,0.05808045102905556
2016-01-31,0.0,310.57000732421875,EQIX,17.563528036691462,0.05655255698389466
2016-02-29,0.0,303.69000244140625,EQIX,17.563528036691462,0.05783373800749387
2016-03-31,1.6917655301142187,330.7099914550781,EQIX,17.58386093718174,0.053170032328975575
2016-04-30,0.0,330.3500061035156,EQIX,17.58386093718174,0.05322797218799449
2016-05-31,1.7571063129244968,362.0,EQIX,17.641704912589493,0.048733991471241696
2016-06-30,0.0,387.7300109863281,EQIX,17.641704912589493,0.04549997269417343
2016-07-31,0.0,372.8699951171875,EQIX,17.641704912589493,0.04731328651704723
2016-08-31,1.7613830120032032,368.6499938964844,EQIX,17.801488485993634,0.048288318949470076
2016-09-30,0.0,360.25,EQIX,17.801488485993634,0.049414263666880315
2016-10-31,0.0,357.2799987792969,EQIX,6.88928371785471,0.019282589961355318
2016-11-30,1.7872982382838707,338.760009765625,EQIX,8.67658195613858,0.02561276923489751
2016-12-31,0.0,357.4100036621094,EQIX,6.99755309332579,0.01957850373975873
2017-01-31,0.0,384.9800109863281,EQIX,6.99755309332579,0.018176406290284757
2017-02-28,1.9976189175736945,376.0700073242187,EQIX,8.995172010899484,0.023918876367996392
2017-03-31,0.0,400.3699951171875,EQIX,7.303406480785265,0.018241642904952386
2017-04-30,0.0,417.7000122070313,EQIX,7.303406480785265,0.017484812706123076
2017-05-31,2.046828061461864,441.010009765625,EQIX,7.593128229322632,0.01721758704152317
2017-06-30,0.0,429.1600036621094,EQIX,7.593128229322632,0.017693000662990326
2017-07-31,0.0,450.7300109863281,EQIX,7.593128229322632,0.016846289450987883
2017-08-31,2.0101522158320173,468.4100036621094,EQIX,7.841897433151447,0.016741524245516008
2017-09-30,0.0,446.2999877929687,EQIX,7.841897433151447,0.017570911153125944
2017-10-31,0.0,463.5,EQIX,7.841897433151447,0.01691887256343354
2017-11-30,1.9954276097437427,464.489990234375,EQIX,8.050026804611319,0.017330894042623803
2017-12-31,0.0,453.2200012207031,EQIX,8.050026804611319,0.0177618524842888
2018-01-31,0.0,455.19000244140625,EQIX,8.050026804611319,0.01768498157128912
2018-02-28,2.319199612057509,392.1000061035156,EQIX,8.371607499095134,0.021350694641114092
2018-03-31,0.0,418.1400146484375,EQIX,8.371607499095134,0.020021062815846
2018-04-30,0.0,420.7900085449219,EQIX,8.371607499095134,0.019894976898438915
2018-05-31,2.2606492761628934,396.8500061035156,EQIX,8.585428713796162,0.021633938721817007
2018-06-30,0.0,429.8900146484375,EQIX,8.585428713796162,0.019971221524689973
2018-07-31,0.0,439.2799987792969,EQIX,8.585428713796162,0.019544319654102107
2018-08-31,2.262071538274068,436.1300048828125,EQIX,8.837348036238213,0.02026310489371809
2018-09-30,0.0,432.8900146484375,EQIX,8.837348036238213,0.020414765268760654
2018-10-31,0.0,378.739990234375,EQIX,8.837348036238213,0.02333354877780245
2018-11-30,2.2586722947877087,385.2799987792969,EQIX,9.10059272128218,0.023620724538299605
2018-12-31,0.0,352.55999755859375,EQIX,9.10059272128218,0.025812890810931282
2019-01-31,0.0,394.0,EQIX,9.10059272128218,0.02309795106924411
2019-02-28,2.4560401044617803,423.5,EQIX,9.237433213686451,0.02181212092960201
2019-03-31,0.0,453.1600036621094,EQIX,9.237433213686451,0.020384484815597664
2019-04-30,0.0,454.7000122070313,EQIX,9.237433213686451,0.02031544527313652
2019-05-31,2.494958861340078,485.7900085449219,EQIX,9.471742798863636,0.01949760726292864
2019-06-30,0.0,504.2900085449219,EQIX,9.471742798863636,0.01878233286079452
2019-07-31,0.0,502.1000061035156,EQIX,9.471742798863636,0.018864255494374343
2019-08-31,2.432165761365442,556.280029296875,EQIX,9.64183702195501,0.017332703879630672
2019-09-30,0.0,576.7999877929688,EQIX,9.64183702195501,0.016716083956325883
2019-10-31,0.0,566.780029296875,EQIX,9.64183702195501,0.017011603309164392
2019-11-30,2.5009413834690757,566.8499755859375,EQIX,9.884106110636376,0.01743689959661627
2019-12-31,0.0,583.7000122070312,EQIX,9.884106110636376,0.016933537611663788
2020-01-31,0.0,589.72998046875,EQIX,9.884106110636376,0.016760392786508736
2020-02-29,2.6173415517718794,572.7999877929688,EQIX,10.045407557946476,0.017537373903676233
2020-03-31,0.0,624.5700073242188,EQIX,10.045407557946476,0.016083717501874588
2020-04-30,0.0,675.2000122070312,EQIX,10.045407557946476,0.014877676801442847
2020-05-31,2.621248862815084,697.6300048828125,EQIX,10.171697559421482,0.014580361349466496
2020-06-30,0.0,702.2999877929688,EQIX,10.171697559421482,0.014483408424065073
2020-07-31,0.0,785.47998046875,EQIX,10.171697559421482,0.012949658568447956
2020-08-31,2.720147474922445,789.780029296875,EQIX,10.459679272978484,0.013243787997894201
2020-09-30,0.0,760.1300048828125,EQIX,10.459679272978484,0.013760382047530183
2020-10-31,0.0,731.239990234375,EQIX,10.459679272978484,0.014304030704920798
2020-11-30,2.65543579367856,697.7899780273438,EQIX,10.614173683187968,0.015211129447852342
2020-12-31,0.0,714.1799926757812,EQIX,10.614173683187968,0.014862042891205048
2021-01-31,0.0,739.9600219726562,EQIX,10.614173683187968,0.01434425288935433
2021-02-28,2.845563757561851,648.3400268554688,EQIX,10.84239588897794,0.016723317148202205
2021-03-31,0.0,679.5900268554688,EQIX,10.84239588897794,0.015954318722343225
2021-04-30,0.0,720.760009765625,EQIX,10.84239588897794,0.015043004248395584
2021-05-31,2.8827286883582937,736.719970703125,EQIX,11.10387571452115,0.015072043864812867
2021-06-30,0.0,802.5999755859375,EQIX,11.103875714521148,0.013834881699834057
2021-07-31,0.0,820.4099731445312,EQIX,11.103875714521148,0.013534545017732231
2021-08-31,2.8969838949177915,843.4500122070312,EQIX,11.280712134516497,0.013374488080210686
2021-09-30,0.0,790.1300048828125,EQIX,11.280712134516497,0.01427703297533877
2021-10-31,0.0,837.0700073242188,EQIX,11.280712134516497,0.013476426148126445
2021-11-30,2.8705975920561766,812.2000122070312,EQIX,11.495873932894114,0.014153993794774524
2021-12-31,0.0,845.8400268554688,EQIX,11.495873932894114,0.013591073451124876
2022-01-31,0.0,724.9000244140625,EQIX,11.495873932894114,0.015858564692677782
2022-02-28,0.0,709.72998046875,EQIX,8.650310175332262,0.012188170731662
2022-03-31,3.1138837009371025,741.6199951171875,EQIX,11.764193876269363,0.01586283265516653
2022-04-30,0.0,719.0800170898438,EQIX,11.764193876269363,0.016360062297210955
2022-05-31,3.116889480088384,687.0900268554688,EQIX,11.998354667999454,0.017462565601353636
2022-06-30,0.0,657.02001953125,EQIX,11.998354667999454,0.018261779415122942
2022-07-31,0.0,703.739990234375,EQIX,11.998354667999454,0.017049414321336914
2022-08-31,3.1016128920303787,657.3699951171875,EQIX,12.202983665112042,0.018563341429869568
2022-09-30,0.0,568.8400268554688,EQIX,12.202983665112042,0.02145239977673474
2022-10-31,0.0,566.4400024414062,EQIX,12.202983665112042,0.02154329428097611
2022-11-30,3.2040944864432954,690.6500244140625,EQIX,12.53648055949916,0.018151712323669182
2022-12-31,0.0,655.030029296875,EQIX,12.53648055949916,0.019138787534605278
2023-01-31,0.0,738.1300048828125,EQIX,12.53648055949916,0.016984109136017965
2023-02-28,0.0,688.27001953125,EQIX,12.53648055949916,0.01821448007867203
2023-03-31,3.397600049193418,721.0399780273438,EQIX,12.820196907755477,0.017780147146389296
2023-04-30,0.0,724.0800170898438,EQIX,12.820196907755477,0.017705497465986205
2023-05-31,3.2852383733284127,745.5499877929688,EQIX,12.988545800995503,0.0174214284939433
2023-06-30,0.0,783.9400024414062,EQIX,12.988545800995503,0.016568290635183273
2023-07-31,0.0,809.9199829101562,EQIX,12.988545800995503,0.016036825952022857
2023-08-31,3.4584424613679228,781.3800048828125,EQIX,13.345375370333048,0.017079238382014295
2023-09-30,0.0,726.260009765625,EQIX,13.345375370333048,0.018375478741614593
2023-10-31,0.0,729.6400146484375,EQIX,13.345375370333048,0.018290355658143628
2023-11-30,4.416000474353387,815.010009765625,EQIX,14.55728135824314,0.017861475544857938
2023-12-31,0.0,805.3900146484375,EQIX,14.55728135824314,0.01807482225192172
2024-01-31,0.0,829.77001953125,EQIX,14.55728135824314,0.017543754312148774
2024-02-29,4.258465471925219,888.8200073242188,EQIX,18.815746830168358,0.021169355634570966
2024-03-31,0.0,825.3300170898438,EQIX,15.41814678097494,0.018681189901877216
2024-04-30,0.0,711.1099853515625,EQIX,15.41814678097494,0.02168180323519495
2024-05-31,4.266580904680237,762.97998046875,EQIX,16.399489312326764,0.021493996870339184
2024-06-30,0.0,756.5999755859375,EQIX,16.399489312326764,0.021675244305455373
2024-07-31,0.0,790.239990234375,EQIX,16.399489312326764,0.020752542917326783
2024-08-31,4.220822843081618,834.3599853515625,EQIX,17.161869694040462,0.020568903105784977
2024-09-30,0.0,887.6300048828125,EQIX,17.161869694040462,0.019334485765052773
2024-10-31,0.0,908.0800170898438,EQIX,17.161869694040462,0.01889907207631296
2024-11-30,4.271364303804011,981.47998046875,EQIX,17.017233523491086,0.0173383399174008
2024-12-31,0.0,942.8900146484376,EQIX,17.017233523491086,0.018047951785591945
2025-01-31,0.0,913.6599731445312,EQIX,17.017233523491086,0.018625346434870186
2025-02-28,4.733189368429902,904.6199951171876,EQIX,17.491957419995767,0.01933624893812987
2025-03-31,0.0,815.3499755859375,EQIX,17.491957419995767,0.021453312005590565
2025-04-30,0.0,860.75,EQIX,17.491957419995767,0.02032176290443888
2025-05-31,4.625112849295307,888.8200073242188,EQIX,17.850489364610837,0.020083356829859744
2025-06-30,0.0,795.469970703125,EQIX,17.850489364610837,0.022440180047063985
2025-07-31,0.0,785.1699829101562,EQIX,17.850489364610837,0.022734553985940386
2025-08-31,4.735845559827312,786.1900024414062,EQIX,18.365512081356535,0.023360144525273702
2025-09-30,0.0,783.239990234375,EQIX,18.365512081356535,0.023448128683854458
2025-10-31,0.0,846.010009765625,EQIX,18.365512081356535,0.02170838627127407
2025-11-30,4.633089138317042,753.3099975585938,EQIX,18.72723691586956,0.024859934126140314
2025-12-31,0.0,769.7100219726562,EQIX,18.72723691586956,0.024330249550180393
2015-01-31,0.0,77.61000061035156,EQR,0.0,0.0
2015-02-28,0.0,77.02999877929688,EQR,0.0,0.0
2015-03-31,0.5511097052364092,77.86000061035156,EQR,0.5511097052364092,0.007078213471823922
2015-04-30,0.0,73.86000061035156,EQR,0.5511097052364092,0.00746154482375093
2015-05-31,0.0,74.31999969482422,EQR,0.5511097052364092,0.007415362049238403
2015-06-30,0.5537328553944838,70.16999816894531,EQR,1.104842560630893,0.015745227154927533
2015-07-31,0.0,74.80999755859375,EQR,1.104842560630893,0.014768648532110197
2015-08-31,0.0,71.25,EQR,1.104842560630893,0.015506562254468673
2015-09-30,0.5591776937811077,75.12000274658203,EQR,1.6640202544120006,0.022151493524641994
2015-10-31,0.0,77.31999969482422,EQR,1.6640202544120006,0.02152121392886386
2015-11-30,0.0,79.81999969482422,EQR,1.6640202544120006,0.02084715936825418
2015-12-31,0.5619385843394772,81.58999633789062,EQR,2.225958838751478,0.02728225197526742
2016-01-31,0.0,77.08999633789062,EQR,2.225958838751478,0.02887480794518333
2016-02-29,0.0,74.48999786376953,EQR,2.225958838751478,0.029882654082262237
2016-03-31,8.761816937718672,75.02999877929688,EQR,10.436666071233741,0.13909990991647922
2016-04-30,0.0,68.06999969482422,EQR,10.436666071233741,0.15332255204971457
2016-05-31,0.0,69.20999908447266,EQR,10.436666071233741,0.15079708437064868
2016-06-30,0.5057119250814898,68.87999725341797,EQR,10.388645140920747,0.15082238030149225
2016-07-31,0.0,67.98999786376953,EQR,10.388645140920747,0.15279666814722231
2016-08-31,0.0,64.87000274658203,EQR,10.388645140920747,0.1601455942819136
2016-09-30,3.6079316839207483,64.33000183105469,EQR,13.437399131060388,0.20888230605604638
2016-10-31,0.0,61.75,EQR,13.437399131060388,0.21760970252729375
2016-11-30,0.0,60.0099983215332,EQR,13.437399131060388,0.22391933855859963
2016-12-31,0.5041106606565111,64.36000061035156,EQR,13.37957120737742,0.20788643692500947
2017-01-31,0.0,60.77000045776367,EQR,13.37957120737742,0.22016737052152044
2017-02-28,0.0,63.06999969482422,EQR,13.37957120737742,0.21213843780112468
2017-03-31,0.5062876275102423,62.220001220703125,EQR,5.124041897168992,0.08235361293217099
2017-04-30,0.0,64.58000183105469,EQR,5.124041897168992,0.07934409649869327
2017-05-31,0.0,65.08999633789062,EQR,5.124041897168992,0.0787224179668013
2017-06-30,0.5005260001425982,65.83000183105469,EQR,5.1188559722301,0.07775870924881742
2017-07-31,0.0,68.05999755859375,EQR,5.1188559722301,0.07521093382090131
2017-08-31,0.0,67.1500015258789,EQR,5.1188559722301,0.07623016911261493
2017-09-30,0.5033321258307047,65.93000030517578,EQR,2.014256414140056,0.030551439478484706
2017-10-31,0.0,67.26000213623047,EQR,2.014256414140056,0.029947314156492582
2017-11-30,0.0,66.81999969482422,EQR,2.014256414140056,0.030144513967965154
2017-12-31,0.5041661898631825,63.77000045776367,EQR,2.0143119433467276,0.03158714017386361
2018-01-31,0.0,61.61000061035156,EQR,2.0143119433467276,0.032694561327569406
2018-02-28,0.0,56.22999954223633,EQR,2.0143119433467276,0.03582272736519777
2018-03-31,0.532256369523473,61.619998931884766,EQR,2.040280685359958,0.03311069004748443
2018-04-30,0.0,61.709999084472656,EQR,2.040280685359958,0.03306240018845389
2018-05-31,0.0,63.9900016784668,EQR,2.040280685359958,0.031884366804861806
2018-06-30,0.5469145888023853,63.689998626708984,EQR,2.0866692740197452,0.032762903423029455
2018-07-31,0.0,65.43000030517578,EQR,2.0866692740197452,0.03189162867625237
2018-08-31,0.0,67.75,EQR,2.0866692740197452,0.030799546479996238
2018-09-30,0.5424854630356217,66.26000213623047,EQR,2.1258226112246623,0.032083044713067985
2018-10-31,0.0,64.95999908447266,EQR,2.1258226112246623,0.03272510223499674
2018-11-30,0.0,71.25,EQR,2.1258226112246623,0.029836106824205788
2018-12-31,0.5425470073715613,66.01000213623047,EQR,2.164203428733041,0.03278599240561438
2019-01-31,0.0,72.55999755859375,EQR,2.164203428733041,0.02982639886371827
2019-02-28,0.0,73.69000244140625,EQR,2.164203428733041,0.029369023707848056
2019-03-31,0.5693494466449711,75.31999969482422,EQR,2.2012965058545393,0.029225922925830896
2019-04-30,0.0,76.41999816894531,EQR,2.2012965058545393,0.028805241541461815
2019-05-31,0.0,76.56999969482422,EQR,2.2012965058545393,0.028748811736032134
2019-06-30,0.5720007708737199,75.91999816894531,EQR,2.226382687925874,0.029325378577742967
2019-07-31,0.0,78.88999938964844,EQR,2.226382687925874,0.0282213551166285
2019-08-31,0.0,84.76000213623047,EQR,2.226382687925874,0.026266902215829606
2019-09-30,0.5683941441391306,86.26000213623047,EQR,2.2522913690293827,0.026110495168691714
2019-10-31,0.0,88.66000366210938,EQR,2.2522913690293827,0.02540369136023332
2019-11-30,0.0,85.0999984741211,EQR,2.2522913690293827,0.026466409041291633
2019-12-31,0.5734217702991613,80.91999816894531,EQR,2.2831661319569827,0.02821510360381093
2020-01-31,0.0,83.08000183105469,EQR,2.2831661319569827,0.02748153685167051
2020-02-29,0.0,75.0999984741211,EQR,2.2831661319569827,0.030401680137766514
2020-03-31,0.5556010669291966,61.709999084472656,EQR,2.2694177522412087,0.03677552723886257
2020-04-30,0.0,65.05999755859375,EQR,2.2694177522412087,0.03488192187829928
2020-05-31,0.0,60.560001373291016,EQR,2.2694177522412087,0.03747387220572451
2020-06-30,0.5857233845440029,58.81999969482422,EQR,2.2831403659114913,0.03881571536479272
2020-07-31,0.0,53.630001068115234,EQR,2.2831403659114913,0.04257207384746617
2020-08-31,0.0,56.45000076293945,EQR,2.2831403659114913,0.0404453558025533
2020-09-30,0.6013720151308997,51.33000183105469,EQR,2.3161182369032605,0.0451221148311358
2020-10-31,0.0,46.97999954223633,EQR,2.3161182369032605,0.049300090665624755
2020-11-30,0.0,57.91999816894531,EQR,2.3161182369032605,0.039988230492470606
2020-12-31,0.6125481335890397,59.279998779296875,EQR,2.3552446001931386,0.039730847650011954
2021-01-31,0.0,61.63999938964844,EQR,2.3552446001931386,0.03820967916149377
2021-02-28,0.0,65.41000366210938,EQR,2.3552446001931386,0.03600740664011737
2021-03-31,0.6128984792728571,71.62999725341797,EQR,2.4125420125367993,0.03368061014998406
2021-04-30,0.0,74.2300033569336,EQR,2.4125420125367993,0.03250090129911669
2021-05-31,0.0,77.44999694824219,EQR,2.4125420125367993,0.03114967214458431
2021-06-30,0.6082393244643004,77.0,EQR,2.4350579524570968,0.03162412925268957
2021-07-31,0.0,84.12999725341797,EQR,2.4350579524570968,0.028943991821634905
2021-08-31,0.0,84.06999969482422,EQR,2.4350579524570968,0.028964648046822954
2021-09-30,0.6008667109267808,80.91999816894531,EQR,2.434552648252978,0.03008592070368196
2021-10-31,0.0,86.4000015258789,EQR,2.434552648252978,0.02817769219047722
2021-11-30,0.0,85.30999755859375,EQR,2.434552648252978,0.028537717945435952
2021-12-31,0.6067486529335635,90.5,EQR,2.4287531675975016,0.026837051575663
2022-01-31,0.0,88.7300033569336,EQR,2.4287531675975016,0.02737240026721708
2022-02-28,0.0,85.30000305175781,EQR,2.4287531675975016,0.028473072458435878
2022-03-31,0.6360309117905332,89.91999816894531,EQR,2.451885600115178,0.027267411588559828
2022-04-30,0.0,81.5,EQR,2.451885600115178,0.030084485890983777
2022-05-31,0.0,76.83000183105469,EQR,2.451885600115178,0.03191312692542623
2022-06-30,0.6231418117814354,72.22000122070312,EQR,2.4667880874323127,0.034156577758754796
2022-07-31,0.0,78.38999938964844,EQR,2.4667880874323127,0.031468147807615074
2022-08-31,0.0,73.18000030517578,EQR,2.4667880874323127,0.03370850064423742
2022-09-30,0.6266006340664411,67.22000122070312,EQR,2.492522010571973,0.03708006494061621
2022-10-31,0.0,63.02000045776367,EQR,2.492522010571973,0.03955128518671583
2022-11-30,0.0,64.86000061035156,EQR,2.492522010571973,0.03842926282942665
2022-12-31,0.6227355510230277,59.0,EQR,2.508508908661437,0.04251710014680402
2023-01-31,0.0,63.650001525878906,EQR,2.508508908661437,0.03941097955263244
2023-02-28,0.0,62.52000045776367,EQR,2.508508908661437,0.040123302787819046
2023-03-31,0.6774257417948959,60.0,EQR,2.5499037386658,0.042498395644430004
2023-04-30,0.0,63.25,EQR,2.5499037386658,0.04031468361526957
2023-05-31,0.0,60.79999923706055,EQR,2.5499037386658,0.04193920675432361
2023-06-30,0.6509309598070404,65.97000122070312,EQR,2.577692886691405,0.03907371288455361
2023-07-31,0.0,65.94000244140625,EQR,2.577692886691405,0.03909148909998786
2023-08-31,0.0,64.83000183105469,EQR,2.577692886691405,0.039760802312003726
2023-09-30,0.6611331357320037,58.709999084472656,EQR,2.612225388356968,0.044493705145497726
2023-10-31,0.0,55.33000183105469,EQR,2.612225388356968,0.04721173507879449
2023-11-30,0.0,56.84000015258789,EQR,2.612225388356968,0.045957519024356214
2023-12-31,0.6557401578920485,61.15999984741211,EQR,2.645229995225989,0.04325098106320413
2024-01-31,0.0,60.189998626708984,EQR,2.645229995225989,0.04394799892971226
2024-02-29,0.0,60.209999084472656,EQR,2.645229995225989,0.04393340035622352
2024-03-31,0.6684994988602722,63.11000061035156,EQR,2.6363037522913646,0.04177315364910561
2024-04-30,0.0,64.4000015258789,EQR,2.6363037522913646,0.04093639269918302
2024-05-31,0.0,65.02999877929688,EQR,2.6363037522913646,0.04053980934612389
2024-06-30,0.0,69.33999633789062,EQR,1.9853727924843243,0.028632432900770482
2024-07-31,0.6698339700652407,69.62999725341797,EQR,2.655206762549565,0.03813308727969578
2024-08-31,0.0,74.87999725341797,EQR,2.655206762549565,0.035459493321874626
2024-09-30,0.6619196118674461,74.45999908447266,EQR,2.6559932386850074,0.03567006810827196
2024-10-31,0.0,70.37000274658203,EQR,2.6559932386850074,0.03774325898849013
2024-11-30,0.0,76.66000366210938,EQR,2.6559932386850074,0.034646401145396515
2024-12-31,0.0,71.76000213623047,EQR,2.000253080792959,0.027874205981706115
2025-01-31,0.6653540869180538,70.62999725341797,EQR,2.6656071677110127,0.03774043991743207
2025-02-28,0.0,74.16999816894531,EQR,2.6656071677110127,0.03593915644489111
2025-03-31,0.7017544931361964,71.58000183105469,EQR,2.698862161986937,0.037704136531832924
2025-04-30,0.0,70.26000213623047,EQR,2.698862161986937,0.03841249757940491
2025-05-31,0.0,70.13999938964844,EQR,2.698862161986937,0.03847821764288818
2025-06-30,0.6846107077575311,67.48999786376953,EQR,3.3834728697444683,0.05013295268691672
2025-07-31,0.0,63.20000076293945,EQR,2.7136388996792276,0.04293732384368116
2025-08-31,0.0,66.12000274658203,EQR,2.7136388996792276,0.04104111897998227
2025-09-30,0.6851801707710011,64.7300033569336,EQR,2.7368994585827826,0.04228177532281277
2025-10-31,0.0,59.439998626708984,EQR,2.7368994585827826,0.04604474296459647
2025-11-30,0.0,61.75,EQR,2.7368994585827826,0.04432225843858757
2025-12-31,0.0,63.5,EQR,2.7368994585827826,0.043100778875319413
2015-01-31,0.0,226.0500030517578,ESS,0.0,0.0
2015-02-28,0.0,222.42999267578125,ESS,0.0,0.0
2015-03-31,1.4430180312183671,229.8999938964844,ESS,1.4430180312183671,0.006276720615608653
2015-04-30,0.0,221.9499969482422,ESS,1.4430180312183671,0.00650154562315616
2015-05-31,0.0,222.6199951171875,ESS,1.4430180312183671,0.006481978541319976
2015-06-30,1.4556193097549375,212.5,ESS,2.8986373409733046,0.01364064631046261
2015-07-31,0.0,224.91000366210935,ESS,2.8986373409733046,0.01288798761182733
2015-08-31,0.0,214.6199951171875,ESS,2.8986373409733046,0.01350590535327606
2015-09-30,1.4255250698696094,223.4199981689453,ESS,4.324162410842914,0.019354410734410073
2015-10-31,0.0,220.44000244140625,ESS,4.324162410842914,0.01961605136523391
2015-11-30,0.0,230.7899932861328,ESS,4.324162410842914,0.018736351387132408
2015-12-31,1.4424746343090527,239.41000366210935,ESS,5.766637045151967,0.024086867536624302
2016-01-31,0.0,213.11000061035156,ESS,5.766637045151967,0.027059438921853484
2016-02-29,0.0,209.27999877929688,ESS,5.766637045151967,0.027554649650172083
2016-03-31,1.6494183317061093,233.86000061035156,ESS,5.973037345639709,0.025541081544730476
2016-04-30,0.0,220.4499969482422,ESS,5.973037345639709,0.027094749051151376
2016-05-31,0.0,227.22999572753903,ESS,5.973037345639709,0.026286306640614918
2016-06-30,1.6463818712558282,228.08999633789065,ESS,6.1637999071406,0.02702354336491635
2016-07-31,0.0,233.8800048828125,ESS,6.1637999071406,0.026354539842895174
2016-08-31,0.0,227.1000061035156,ESS,6.1637999071406,0.0271413462857022
2016-09-30,1.6057062553356984,222.6999969482422,ESS,6.343981092606689,0.028486668969650217
2016-10-31,0.0,214.08999633789065,ESS,6.343981092606689,0.029632309781509866
2016-11-30,0.0,215.9199981689453,ESS,6.343981092606689,0.029381164998171585
2016-12-31,1.5989582188307463,232.5,ESS,6.500464677128382,0.027958987858616696
2017-01-31,0.0,224.3000030517578,ESS,6.500464677128382,0.028981117203232418
2017-02-28,0.0,234.6999969482422,ESS,6.500464677128382,0.02769690993460862
2017-03-31,1.755663916862872,231.52999877929688,ESS,6.606710262285144,0.02853500754596777
2017-04-30,0.0,244.47000122070312,ESS,6.606710262285144,0.027024625636258435
2017-05-31,0.0,256.9200134277344,ESS,6.606710262285144,0.025715047162503196
2017-06-30,1.759891512719046,257.2699890136719,ESS,6.7202199037483625,0.026121274111731842
2017-07-31,0.0,261.70001220703125,ESS,6.720219903748363,0.02567909663845177
2017-08-31,0.0,265.9700012207031,ESS,6.720219903748363,0.025266834127552207
2017-09-30,1.77368120543502,254.02999877929688,ESS,6.8881948538476845,0.02711567486890475
2017-10-31,0.0,262.42999267578125,ESS,6.8881948538476845,0.02624774243071254
2017-11-30,0.0,246.9900054931641,ESS,6.8881948538476845,0.027888557029237072
2017-12-31,1.7604116304833146,241.3699951171875,ESS,7.049648265500252,0.029206812810670932
2018-01-31,0.0,232.97999572753903,ESS,7.049648265500252,0.0302585989989653
2018-02-28,0.0,223.8300018310547,ESS,7.049648265500252,0.03149554665518556
2018-03-31,1.9204880364370611,240.67999267578125,ESS,7.214472385074442,0.029975372297742338
2018-04-30,0.0,239.69000244140625,ESS,7.214472385074442,0.030099179405023647
2018-05-31,0.0,239.02999877929688,ESS,7.214472385074442,0.03018228850737588
2018-06-30,1.8955558093862872,239.07000732421875,ESS,7.350136681741683,0.03074470429815846
2018-07-31,0.0,240.4499969482422,ESS,7.350136681741683,0.030568254418916998
2018-08-31,0.0,246.27999877929688,ESS,7.350136681741683,0.029844635042119223
2018-09-30,1.888494860515929,246.7100067138672,ESS,7.464950336822592,0.03025799575888463
2018-10-31,0.0,250.77999877929688,ESS,7.464950336822592,0.029766928675170168
2018-11-30,0.0,262.510009765625,ESS,7.464950336822592,0.028436821679628414
2018-12-31,1.8677318735453303,245.2100067138672,ESS,7.572270579884608,0.03088075679032384
2019-01-31,0.0,271.20001220703125,ESS,7.5722705798846075,0.02792135043896685
2019-02-28,0.0,279.8399963378906,ESS,7.5722705798846075,0.027059286302811156
2019-03-31,1.9538889076299792,289.239990234375,ESS,7.6056714510775265,0.026295366159135015
2019-04-30,0.0,282.5,ESS,7.6056714510775265,0.02692273080027443
2019-05-31,0.0,291.739990234375,ESS,7.6056714510775265,0.02607003395375232
2019-06-30,1.963854199957459,291.92999267578125,ESS,7.673969841648698,0.026287020978250232
2019-07-31,0.0,302.2200012207031,ESS,7.673969841648698,0.025391998579354796
2019-08-31,0.0,321.260009765625,ESS,7.673969841648698,0.02388709957161253
2019-09-30,1.938594027072505,326.6499938964844,ESS,7.724069008205273,0.023646316095303637
2019-10-31,0.0,327.1300048828125,ESS,7.724069008205273,0.023611618906594214
2019-11-30,0.0,312.17999267578125,ESS,7.724069008205273,0.024742357580318126
2019-12-31,1.9702547807941209,300.8599853515625,ESS,7.826591915454064,0.026014067328722672
2020-01-31,0.0,309.760009765625,ESS,7.826591915454064,0.025266631161898305
2020-02-29,0.0,283.3599853515625,ESS,7.826591915454064,0.027620667419726443
2020-03-31,2.0686565156482475,220.2400054931641,ESS,7.941359523472332,0.036057752113154665
2020-04-30,0.0,244.1000061035156,ESS,7.941359523472332,0.03253322132284026
2020-05-31,0.0,242.77000427246097,ESS,7.941359523472332,0.03271145274833764
2020-06-30,2.112661283927165,229.1699981689453,ESS,8.090166607442038,0.03530203199407422
2020-07-31,0.0,220.7400054931641,ESS,8.090166607442038,0.03665020569953993
2020-08-31,0.0,216.5099945068359,ESS,8.090166607442038,0.03736625011639638
2020-09-30,2.0189431383770295,200.7899932861328,ESS,8.170515718746564,0.04069184716343554
2020-10-31,0.0,204.58999633789065,ESS,8.170515718746564,0.039936047045294173
2020-11-30,0.0,245.8800048828125,ESS,8.170515718746564,0.033229687475566254
2020-12-31,2.088075792662936,237.4199981689453,ESS,8.288336730615377,0.034910019351939735
2021-01-31,0.0,239.61000061035156,ESS,8.288336730615377,0.034590946577783645
2021-02-28,0.0,254.7899932861328,ESS,8.288336730615377,0.03253007162376058
2021-03-31,2.100548931260006,271.8399963378906,ESS,8.320229146227136,0.03060708232163633
2021-04-30,0.0,290.5199890136719,ESS,8.320229146227136,0.0286390935593612
2021-05-31,0.0,295.2900085449219,ESS,8.320229146227136,0.028176466881578884
2021-06-30,2.0801814215388905,300.010009765625,ESS,8.287749283838862,0.027624909216573974
2021-07-31,0.0,328.1000061035156,ESS,8.287749283838862,0.025259826667677888
2021-08-31,0.0,330.739990234375,ESS,8.287749283838862,0.02505820139247705
2021-09-30,2.131903528374067,319.739990234375,ESS,8.4007096738359,0.02627356580475915
2021-10-31,0.0,339.92999267578125,ESS,8.4007096738359,0.02471305814385239
2021-11-30,0.0,339.44000244140625,ESS,8.4007096738359,0.024748732068743198
2021-12-31,2.0997356769731916,352.2300109863281,ESS,8.412369558146155,0.02388317092739915
2022-01-31,0.0,332.5,ESS,8.412369558146155,0.025300359573371897
2022-02-28,0.0,317.1700134277344,ESS,8.412369558146155,0.02652321846958862
2022-03-31,2.1638850902752327,345.4800109863281,ESS,8.475705717161382,0.02453312911784293
2022-04-30,0.0,329.2699890136719,ESS,8.475705717161382,0.025740899565582506
2022-05-31,0.0,283.8500061035156,ESS,8.475705717161382,0.02985980459718724
2022-06-30,2.204524920065318,261.510009765625,ESS,8.60004921568781,0.03288611867436927
2022-07-31,0.0,286.5299987792969,ESS,8.60004921568781,0.030014481039774474
2022-08-31,0.0,265.05999755859375,ESS,8.60004921568781,0.03244567001773512
2022-09-30,2.165168139011718,242.22999572753903,ESS,8.633313826325459,0.03564097749494342
2022-10-31,0.0,222.2400054931641,ESS,8.633313826325459,0.03884680351392005
2022-11-30,0.0,220.3800048828125,ESS,8.633313826325459,0.039174669366743325
2022-12-31,2.198460516850473,211.9199981689453,ESS,8.732038666202742,0.04120441082318928
2023-01-31,0.0,226.07000732421875,ESS,8.732038666202742,0.0386253743676828
2023-02-28,0.0,228.05999755859375,ESS,8.732038666202742,0.03828833973375486
2023-03-31,2.334893412299588,209.13999938964844,ESS,8.903046988227096,0.04256979542033871
2023-04-30,0.0,219.72999572753903,ESS,8.903046988227096,0.04051812297519317
2023-05-31,0.0,216.05999755859375,ESS,8.903046988227096,0.04120636438409966
2023-06-30,2.3617764900889013,234.3000030517578,ESS,9.06029855825068,0.038669647632267524
2023-07-31,0.0,243.5500030517578,ESS,9.06029855825068,0.03720097903807145
2023-08-31,0.0,238.38999938964844,ESS,9.06029855825068,0.038006202363554786
2023-09-30,2.3357026641936462,212.08999633789065,ESS,9.230833083432609,0.04352318941401899
2023-10-31,0.0,213.9199981689453,ESS,9.230833083432609,0.043150865568643434
2023-11-30,0.0,213.4600067138672,ESS,9.230833083432609,0.043243852680123325
2023-12-31,2.286941074106995,247.94000244140625,ESS,9.319313640689131,0.03758697083537979
2024-01-31,0.0,233.27000427246097,ESS,9.319313640689131,0.0399507586487807
2024-02-29,0.0,231.3999938964844,ESS,9.319313640689131,0.040273612301208954
2024-03-31,2.513850801347267,244.80999755859375,ESS,9.49827102973681,0.038798542234630175
2024-04-30,0.0,246.25,ESS,9.49827102973681,0.038571659004007344
2024-05-31,0.0,259.7900085449219,ESS,9.49827102973681,0.0365613407649371
2024-06-30,2.461461192001162,272.20001220703125,ESS,9.59795573164907,0.035260673406395764
2024-07-31,0.0,278.3599853515625,ESS,9.59795573164907,0.03448037159337777
2024-08-31,0.0,301.7900085449219,ESS,9.59795573164907,0.03180342443384901
2024-09-30,2.477449121688029,295.4200134277344,ESS,9.739702189143454,0.03296899920941199
2024-10-31,0.0,283.8599853515625,ESS,9.739702189143454,0.034311641977578376
2024-11-30,0.0,310.4599914550781,ESS,9.739702189143454,0.03137184325585713
2024-12-31,0.0,285.44000244140625,ESS,7.452761115036458,0.026109729019380613
2025-01-31,2.419958139773482,284.57000732421875,ESS,9.87271925480994,0.034693463825095486
2025-02-28,0.0,311.57000732421875,ESS,9.87271925480994,0.031687001388860964
2025-03-31,2.596636380167271,306.57000732421875,ESS,9.955504833629945,0.03247383826135777
2025-04-30,0.0,279.1499938964844,ESS,9.955504833629945,0.03566363980406064
2025-05-31,0.0,283.8999938964844,ESS,9.955504833629945,0.03506694275329897
2025-06-30,2.5751186906712364,283.3999938964844,ESS,10.069162332300019,0.035529860794485106
2025-07-31,0.0,260.17999267578125,ESS,10.069162332300019,0.03870075569126304
2025-08-31,0.0,270.2099914550781,ESS,10.069162332300019,0.03726421172687834
2025-09-30,2.609080042333617,267.6600036621094,ESS,10.200793252945607,0.03811101066046072
2025-10-31,0.0,251.77000427246097,ESS,10.200793252945607,0.04051631679644606
2025-11-30,0.0,263.6199951171875,ESS,10.200793252945607,0.038695066542319856
2025-12-31,0.0,263.9200134277344,ESS,10.200793252945607,0.03865107886461498
2015-01-31,0.0,66.0,EXR,0.0,0.0
2015-02-28,0.0,65.77999877929688,EXR,0.0,0.0
2015-03-31,0.48020848674664074,67.56999969482422,EXR,0.48020848674664074,0.007106829790076559
2015-04-30,0.0,65.93000030517578,EXR,0.48020848674664074,0.007283611171300759
2015-05-31,0.0,70.02999877929688,EXR,0.48020848674664074,0.006857182566289089
2015-06-30,0.6002976420995377,65.22000122070312,EXR,1.0805061288461784,0.016567097648308347
2015-07-31,0.0,73.5199966430664,EXR,1.0805061288461784,0.014696765209225289
2015-08-31,0.0,73.4800033569336,EXR,1.0805061288461784,0.014704764282570238
2015-09-30,0.603153552732664,77.16000366210938,EXR,1.6836596815788425,0.021820368088002435
2015-10-31,0.0,79.23999786376953,EXR,1.6836596815788425,0.02124759877547464
2015-11-30,0.0,83.75,EXR,1.6836596815788425,0.020103399183030956
2015-12-31,0.5965852273164775,88.20999908447266,EXR,2.28024490889532,0.0258501862891041
2016-01-31,0.0,90.69000244140624,EXR,2.28024490889532,0.025143288648256018
2016-02-29,0.0,82.1500015258789,EXR,2.28024490889532,0.02775708906319371
2016-03-31,0.6075106827937857,93.45999908447266,EXR,2.407547104942465,0.02576018755110872
2016-04-30,0.0,84.94999694824219,EXR,2.407547104942465,0.02834075563780562
2016-05-31,0.0,92.97000122070312,EXR,2.407547104942465,0.02589595647339131
2016-06-30,0.7786090915504585,92.54000091552734,EXR,2.5858585543933854,0.027943143816843236
2016-07-31,0.0,86.0199966430664,EXR,2.5858585543933854,0.03006113293776578
2016-08-31,0.0,80.55000305175781,EXR,2.5858585543933854,0.032102525840152094
2016-09-30,0.7641557180530836,79.41000366210938,EXR,2.7468607197138053,0.034590865042668104
2016-10-31,0.0,73.1500015258789,EXR,2.7468607197138053,0.03755106852242546
2016-11-30,0.0,70.16000366210938,EXR,2.7468607197138053,0.03915137651563829
2016-12-31,0.7773130856627349,77.23999786376953,EXR,2.927588578060063,0.03790249429089236
2017-01-31,0.0,72.05000305175781,EXR,2.927588578060063,0.04063273357472312
2017-02-28,0.0,79.19000244140625,EXR,2.927588578060063,0.03696916893298779
2017-03-31,0.7724797795810958,74.38999938964844,EXR,3.092557674847373,0.041572223420097386
2017-04-30,0.0,75.52999877929688,EXR,3.092557674847373,0.04094476002686045
2017-05-31,0.0,77.47000122070312,EXR,3.092557674847373,0.039919422048762226
2017-06-30,0.7855453916651988,78.0,EXR,3.0994939749621135,0.03973710224310402
2017-07-31,0.0,79.5,EXR,3.0994939749621135,0.03898734559700772
2017-08-31,0.0,77.62999725341797,EXR,3.0994939749621135,0.03992649857817232
2017-09-30,0.7949122903148756,79.91999816894531,EXR,3.130250547223905,0.03916730003680397
2017-10-31,0.0,81.58999633789062,EXR,3.130250547223905,0.038365616959467955
2017-11-30,0.0,85.36000061035156,EXR,3.130250547223905,0.03667116359936273
2017-12-31,0.7780039792227607,87.44999694824219,EXR,3.1309414407839307,0.03580264779925604
2018-01-31,0.0,83.4800033569336,EXR,3.1309414407839307,0.03750528647437919
2018-02-28,0.0,85.05000305175781,EXR,3.1309414407839307,0.036812949188003825
2018-03-31,0.771339047740394,87.36000061035156,EXR,3.129800708943229,0.035826473066351706
2018-04-30,0.0,89.58999633789062,EXR,3.129800708943229,0.03493471187496333
2018-05-31,0.0,96.25,EXR,3.129800708943229,0.032517409963046535
2018-06-30,0.8727902231660222,99.80999755859376,EXR,3.2170455404440523,0.032231696414534786
2018-07-31,0.0,93.97000122070312,EXR,3.2170455404440528,0.03423481428810799
2018-08-31,0.0,92.20999908447266,EXR,3.2170455404440528,0.034888250432547445
2018-09-30,0.8649820882719503,86.63999938964844,EXR,3.287115338401127,0.03793992799581973
2018-10-31,0.0,90.05999755859375,EXR,3.287115338401127,0.036499171968803396
2018-11-30,0.0,95.9800033569336,EXR,3.287115338401127,0.03424791856046196
2018-12-31,0.8685382317287879,90.4800033569336,EXR,3.377649590907154,0.03733034334208301
2019-01-31,0.0,98.61000061035156,EXR,3.377649590907154,0.03425260693642655
2019-02-28,0.0,95.94000244140624,EXR,3.377649590907154,0.035205852667869145
2019-03-31,0.8665860789167835,101.91000366210938,EXR,3.4728966220835438,0.03407807376396733
2019-04-30,0.0,103.69000244140624,EXR,3.4728966220835438,0.0334930710802715
2019-05-31,0.0,107.16000366210938,EXR,3.4728966220835438,0.032408515335946395
2019-06-30,0.900992539616024,106.0999984741211,EXR,3.501098938533546,0.03299810545602883
2019-07-31,0.0,112.38999938964844,EXR,3.501098938533546,0.031151338709376405
2019-08-31,0.0,121.91999816894533,EXR,3.501098938533546,0.02871636311609889
2019-09-30,0.9001847707689858,116.81999969482422,EXR,3.5363016210305815,0.030271371599629095
2019-10-31,0.0,112.2699966430664,EXR,3.5363016210305815,0.031498189425206304
2019-11-30,0.0,106.0500030517578,EXR,3.5363016210305815,0.03334560602798556
2019-12-31,0.9070016800069564,105.62000274658205,EXR,3.5747650693087496,0.03384553092548023
2020-01-31,0.0,110.68000030517578,EXR,3.57476506930875,0.03229820256100579
2020-02-29,0.0,100.36000061035156,EXR,3.57476506930875,0.03561942056166183
2020-03-31,0.9113393203164922,95.76000213623048,EXR,3.6195183107084583,0.03779780941900194
2020-04-30,0.0,88.23999786376953,EXR,3.6195183107084583,0.04101902083334701
2020-05-31,0.0,96.75,EXR,3.6195183107084583,0.037411041971146856
2020-06-30,0.9337178080452491,92.37000274658205,EXR,3.652243579137683,0.03953928191555485
2020-07-31,0.0,103.33999633789062,EXR,3.652243579137683,0.03534201382392107
2020-08-31,0.0,106.5500030517578,EXR,3.652243579137683,0.03427727334145234
2020-09-30,0.9084816744072083,106.98999786376952,EXR,3.6605404827759056,0.03421385695732863
2020-10-31,0.0,115.9499969482422,EXR,3.6605404827759056,0.03156999205795494
2020-11-30,0.0,112.7300033569336,EXR,3.6605404827759056,0.03247174996691562
2020-12-31,0.9031075217035056,115.86000061035156,EXR,3.656646324472455,0.031560903721812604
2021-01-31,0.0,113.79000091552734,EXR,3.656646324472455,0.032135040821266773
2021-02-28,0.0,125.6999969482422,EXR,3.656646324472455,0.029090265817413686
2021-03-31,1.0261775571613845,132.5500030517578,EXR,3.7714845613173478,0.02845329667661092
2021-04-30,0.0,148.69000244140625,EXR,3.7714845613173473,0.02536474880215005
2021-05-31,0.0,149.80999755859375,EXR,3.7714845613173473,0.025175119302984054
2021-06-30,1.0093547856243683,163.82000732421875,EXR,3.8471215388964666,0.023483832052836915
2021-07-31,0.0,174.13999938964844,EXR,3.8471215388964666,0.022092118711269242
2021-08-31,0.0,186.91000366210935,EXR,3.8471215388964666,0.0205827481864009
2021-09-30,1.2389288572735895,167.99000549316406,EXR,4.177568721762848,0.02486795990927474
2021-10-31,0.0,197.3699951171875,EXR,4.177568721762848,0.02116617938447248
2021-11-30,0.0,200.0,EXR,4.177568721762848,0.02088784360881424
2021-12-31,1.2391403865408435,226.72999572753903,EXR,4.513601586600186,0.019907386193506446
2022-01-31,0.0,198.19000244140625,EXR,4.513601586600186,0.02277411338109553
2022-02-28,0.0,188.1499938964844,EXR,4.513601586600186,0.02398937939420535
2022-03-31,1.471832096726599,205.6000061035156,EXR,4.9592561261654,0.024120894839217616
2022-04-30,0.0,190.0,EXR,4.9592561261654,0.026101348032449474
2022-05-31,0.0,178.1999969482422,EXR,4.9592561261654,0.027829720600981857
2022-06-30,1.50732668919686,170.1199951171875,EXR,5.457228029737892,0.03207869848561111
2022-07-31,0.0,189.52000427246097,EXR,5.457228029737892,0.02879499739717386
2022-08-31,0.0,198.72999572753903,EXR,5.457228029737892,0.02746051500559488
2022-09-30,1.489529211763947,172.7100067138672,EXR,5.707828384228249,0.033048625802467514
2022-10-31,0.0,177.44000244140625,EXR,5.707828384228249,0.032167652759771986
2022-11-30,0.0,160.69000244140625,EXR,5.707828384228249,0.03552074365242196
2022-12-31,1.5049751508827744,147.17999267578125,EXR,5.97366314857018,0.04058746735861985
2023-01-31,0.0,157.8300018310547,EXR,5.97366314857018,0.03784871747619026
2023-02-28,0.0,164.64999389648438,EXR,5.97366314857018,0.03628098007902648
2023-03-31,1.634555010676765,162.92999267578125,EXR,6.136386062520346,0.037662716125761476
2023-04-30,0.0,152.0399932861328,EXR,6.136386062520346,0.04036034157783688
2023-05-31,0.0,144.27000427246094,EXR,6.136386062520346,0.042534039514766225
2023-06-30,1.609344688539774,148.85000610351562,EXR,6.23840406186326,0.04191067387343505
2023-07-31,1.0162310833514896,139.57000732421875,EXR,7.25463514521475,0.05197846789792277
2023-08-31,0.0,128.67999267578125,EXR,7.25463514521475,0.05637733570201033
2023-09-30,0.6206709239302582,121.58000183105467,EXR,6.385776857381061,0.05252325021556274
2023-10-31,0.0,103.58999633789062,EXR,6.385776857381061,0.061644725196744736
2023-11-30,0.0,130.1699981689453,EXR,6.385776857381061,0.049057209397000034
2023-12-31,1.7359340138335804,160.3300018310547,EXR,6.616735720331867,0.041269479478358344
2024-01-31,0.0,144.44000244140625,EXR,6.616735720331867,0.045809579122764295
2024-02-29,0.0,140.97000122070312,EXR,6.616735720331867,0.046937189920092874
2024-03-31,1.576711518891919,147.0,EXR,6.558892228547021,0.04461831447991171
2024-04-30,0.0,134.27999877929688,EXR,6.558892228547021,0.04884489341802305
2024-05-31,0.0,144.77000427246094,EXR,6.558892228547021,0.04530560223099126
2024-06-30,1.6164972092456782,155.41000366210938,EXR,6.566044749252925,0.04224982043967223
2024-07-31,0.0,159.6199951171875,EXR,5.549813665901436,0.034768912640468094
2024-08-31,0.0,177.0,EXR,5.549813665901436,0.03135487946836969
2024-09-30,1.632395648917127,180.19000244140625,EXR,6.5615383908883045,0.036414552982882445
2024-10-31,0.0,163.3000030517578,EXR,6.5615383908883045,0.040180883455394854
2024-11-30,0.0,170.9600067138672,EXR,6.5615383908883045,0.03838054593592897
2024-12-31,1.6098556920720293,149.60000610351562,EXR,6.435460069126753,0.043017779455662195
2025-01-31,0.0,154.0,EXR,6.435460069126753,0.04178870174757632
2025-02-28,0.0,152.55999755859375,EXR,6.435460069126753,0.04218314218742095
2025-03-31,1.6439257559312463,148.49000549316406,EXR,6.502674306166081,0.04379199990308735
2025-04-30,0.0,146.52000427246094,EXR,6.502674306166081,0.04438079522625489
2025-05-31,0.0,151.14999389648438,EXR,6.502674306166081,0.04302133356763124
2025-06-30,1.6308438363322721,147.44000244140625,EXR,6.517020933252675,0.04420117217403457
2025-07-31,0.0,134.36000061035156,EXR,6.517020933252675,0.048504174632688864
2025-08-31,0.0,143.5800018310547,EXR,6.517020933252675,0.04538947520644981
2025-09-30,1.5999648902975847,140.94000244140625,EXR,6.484590174633133,0.04600957898612927
2025-10-31,0.0,133.5399932861328,EXR,6.484590174633133,0.048559162053713474
2025-11-30,0.0,133.1699981689453,EXR,6.484590174633133,0.04869407722305813
2025-12-31,1.6253514114241485,131.55999755859375,EXR,6.5000858939852515,0.04940776842968749
2017-02-28,0.0,21.790000915527344,INVH,0.0,0.0
2017-03-31,0.0,21.829999923706055,INVH,0.0,0.0
2017-04-30,0.0,21.549999237060547,INVH,0.0,0.0
2017-05-31,0.06081728220668431,21.520000457763672,INVH,0.06081728220668431,0.0028260818268125796
2017-06-30,0.0,21.6299991607666,INVH,0.06081728220668431,0.0028117098736183607
2017-07-31,0.0,21.31999969482422,INVH,0.06081728220668431,0.002852593014879297
2017-08-31,0.08070421176707804,23.13999938964844,INVH,0.14152149397376235,0.006115881491210032
2017-09-30,0.0,22.649999618530273,INVH,0.14152149397376235,0.006248189684647133
2017-10-31,0.07937303095823225,22.56999969482422,INVH,0.2208945249319946,0.009787085862595312
2017-11-30,0.0,23.549999237060547,INVH,0.2208945249319946,0.009379810279754647
2017-12-31,0.0,23.56999969482422,INVH,0.2208945249319946,0.009371850988207746
2018-01-31,0.0,22.489999771118164,INVH,0.2208945249319946,0.009821899830148913
2018-02-28,0.11084511026568988,21.75,INVH,0.33173963519768446,0.015252397020583194
2018-03-31,0.0,22.829999923706055,INVH,0.33173963519768446,0.014530864489982542
2018-04-30,0.0,23.13999938964844,INVH,0.33173963519768446,0.014336198960579336
2018-05-31,0.10859987681556325,22.010000228881836,INVH,0.3795222298065634,0.017243172460695795
2018-06-30,0.0,23.059999465942383,INVH,0.3795222298065634,0.01645803289662191
2018-07-31,0.0,23.11000061035156,INVH,0.3795222298065634,0.016422424049463924
2018-08-31,0.1109805026114526,23.3700008392334,INVH,0.409798520650938,0.017535237737902477
2018-09-30,0.0,22.90999984741211,INVH,0.409798520650938,0.01788732096815044
2018-10-31,0.0,21.8799991607666,INVH,0.3304254896927058,0.015101714002128362
2018-11-30,0.11056098421217818,21.459999084472656,INVH,0.44098647390488394,0.020549230788362842
2018-12-31,0.0,20.079999923706055,INVH,0.4409864739048839,0.021961477867550382
2019-01-31,0.0,22.489999771118164,INVH,0.4409864739048839,0.019608113756906402
2019-02-28,0.13033885880503027,23.0,INVH,0.46048022244422426,0.020020879236705404
2019-03-31,0.0,24.329999923706055,INVH,0.46048022244422426,0.01892643747999165
2019-04-30,0.0,24.86000061035156,INVH,0.46048022244422426,0.018522936892144844
2019-05-31,0.13026713194610579,25.6299991607666,INVH,0.48214747757476684,0.018811841332902552
2019-06-30,0.0,26.729999542236328,INVH,0.48214747757476684,0.018037691202086294
2019-07-31,0.0,27.469999313354492,INVH,0.48214747757476684,0.017551783386480526
2019-08-31,0.12938722543914302,28.760000228881836,INVH,0.5005542004024572,0.017404526996483906
2019-09-30,0.0,29.61000061035156,INVH,0.5005542004024572,0.01690490341386434
2019-10-31,0.0,30.790000915527344,INVH,0.5005542004024572,0.016257037529025492
2019-11-30,0.12978645910662603,30.530000686645508,INVH,0.519779675296905,0.017025210075552605
2019-12-31,0.0,29.969999313354492,INVH,0.519779675296905,0.017343332906427318
2020-01-31,0.0,31.469999313354492,INVH,0.519779675296905,0.01651667259733092
2020-02-29,0.1491011451896468,28.690000534057617,INVH,0.5385419616815217,0.01877106837423108
2020-03-31,0.0,21.3700008392334,INVH,0.5385419616815217,0.025200839519519676
2020-04-30,0.0,23.649999618530273,INVH,0.5385419616815217,0.02277133067095539
2020-05-31,0.1437421116894267,26.299999237060547,INVH,0.5520169414248426,0.020989237925412938
2020-06-30,0.0,27.530000686645508,INVH,0.5520169414248426,0.02005146849460922
2020-07-31,0.0,29.81999969482422,INVH,0.5520169414248426,0.01851163471073592
2020-08-31,0.147388553799756,28.6299991607666,INVH,0.5700182697854554,0.019909824886288698
2020-09-30,0.0,27.989999771118164,INVH,0.5700182697854554,0.020365068754792773
2020-10-31,0.0,27.260000228881836,INVH,0.5700182697854554,0.020910427916340363
2020-11-30,0.14359985630242042,28.579999923706055,INVH,0.5838316669812499,0.02042798000489087
2020-12-31,0.0,29.700000762939453,INVH,0.5838316669812499,0.01965763137992146
2021-01-31,0.0,29.479999542236328,INVH,0.5838316669812499,0.019804330937820663
2021-02-28,0.1731856340538647,29.13999938964844,INVH,0.6079161558454678,0.020861913815324963
2021-03-31,0.0,31.989999771118164,INVH,0.6079161558454678,0.019003318543137925
2021-04-30,0.0,35.060001373291016,INVH,0.6079161558454678,0.01733930781613098
2021-05-31,0.1715107238100439,36.27000045776367,INVH,0.635684767966085,0.017526461536892957
2021-06-30,0.0,37.290000915527344,INVH,0.635684767966085,0.017047056914964824
2021-07-31,0.0,40.68000030517578,INVH,0.635684767966085,0.015626469105144175
2021-08-31,0.16932100191466626,41.18000030517578,INVH,0.6576172160809952,0.015969334900620226
2021-09-30,0.0,38.33000183105469,INVH,0.6576172160809952,0.017156722793271524
2021-10-31,0.0,41.25,INVH,0.6576172160809952,0.01594223554135746
2021-11-30,0.1691987511749889,40.439998626708984,INVH,0.6832161109535638,0.016894563159117595
2021-12-31,0.0,45.34000015258789,INVH,0.6832161109535637,0.015068727583905124
2022-01-31,0.0,41.97999954223633,INVH,0.6832161109535637,0.01627480034310567
2022-02-28,0.21911523954675455,37.79999923706055,INVH,0.7291457164464535,0.019289569607492785
2022-03-31,0.0,40.18000030517578,INVH,0.7291457164464535,0.01814698135660613
2022-04-30,0.0,39.81999969482422,INVH,0.7291457164464535,0.018311042743207943
2022-05-31,0.2086351837923844,37.720001220703125,INVH,0.7662701764287941,0.02031469118850973
2022-06-30,0.0,35.58000183105469,INVH,0.7662701764287941,0.02153654123086592
2022-07-31,0.0,39.029998779296875,INVH,0.7662701764287941,0.0196328516626871
2022-08-31,0.22152040875727477,36.279998779296875,INVH,0.8184695832714026,0.022559801841516628
2022-09-30,0.0,33.77000045776367,INVH,0.8184695832714026,0.024236587864281112
2022-10-31,0.0,31.690000534057617,INVH,0.8184695832714026,0.025827376758538825
2022-11-30,0.2121461875650397,32.630001068115234,INVH,0.8614170196614535,0.026399540038728242
2022-12-31,0.0,29.63999938964844,INVH,0.8614170196614535,0.029062653083666973
2023-01-31,0.0,32.5,INVH,0.8614170196614535,0.02650513906650626
2023-02-28,0.2652949171346228,31.260000228881836,INVH,0.9075966972493217,0.029033803282278038
2023-03-31,0.0,31.229999542236328,INVH,0.9075966972493217,0.029061694221988777
2023-04-30,0.0,33.369998931884766,INVH,0.9075966972493217,0.027197984006589834
2023-05-31,0.25947182577709177,33.880001068115234,INVH,0.958433339234029,0.028289058707734783
2023-06-30,0.0,34.400001525878906,INVH,0.958433339234029,0.027861433044210928
2023-07-31,0.0,35.5,INVH,0.958433339234029,0.026998122231944477
2023-08-31,0.2632393113132418,34.09000015258789,INVH,1.000152241789996,0.02933858132335828
2023-09-30,0.0,31.690000534057617,INVH,1.000152241789996,0.03156049936683089
2023-10-31,0.0,29.690000534057617,INVH,1.000152241789996,0.033686501306819244
2023-11-30,0.259996013539777,33.36000061035156,INVH,1.0480020677647335,0.03141492951410618
2023-12-31,0.28280166639578896,34.11000061035156,INVH,1.3308037341605223,0.039015060403037795
2024-01-31,0.0,32.93000030517578,INVH,1.3308037341605223,0.04041311028932341
2024-02-29,0.0,34.06999969482422,INVH,1.0655088170258995,0.03127410703169943
2024-03-31,0.28748938485617925,35.61000061035156,INVH,1.3529982018820788,0.03799489409412625
2024-04-30,0.0,34.20000076293945,INVH,1.3529982018820788,0.039561350049683155
2024-05-31,0.0,34.790000915527344,INVH,1.093526376104987,0.03143220314251065
2024-06-30,0.2841104274302693,35.88999938964844,INVH,1.3776368035352564,0.03838497706780683
2024-07-31,0.0,35.27000045776367,INVH,1.3776368035352564,0.03905973307783186
2024-08-31,0.0,36.84000015258789,INVH,1.1143974922220146,0.03024966035847673
2024-09-30,0.2776996164757035,35.2599983215332,INVH,1.392097108697718,0.039480918178250946
2024-10-31,0.0,31.40999984741211,INVH,1.392097108697718,0.04432018833048208
2024-11-30,0.0,34.25,INVH,1.132101095157941,0.033054046573954485
2024-12-31,0.289642827632447,31.969999313354492,INVH,1.138942256394599,0.03562534503774108
2025-01-31,0.0,31.149999618530273,INVH,1.138942256394599,0.0365631547461424
2025-02-28,0.0,34.0099983215332,INVH,1.138942256394599,0.03348845376665265
2025-03-31,0.2906819992851598,34.849998474121094,INVH,1.1421348708235797,0.0327728815159549
2025-04-30,0.0,34.189998626708984,INVH,1.1421348708235797,0.03340552549573231
2025-05-31,0.0,33.70000076293945,INVH,1.1421348708235797,0.033891241690403986
2025-06-30,0.29221855257672447,32.79999923706055,INVH,1.1502429959700349,0.035068384839179546
2025-07-31,0.0,30.649999618530273,INVH,1.1502429959700349,0.037528320074582476
2025-08-31,0.0,31.290000915527344,INVH,1.1502429959700349,0.03676072107109586
2025-09-30,0.2898002972716203,29.329999923706055,INVH,1.1623436767659516,0.039629856112835656
2025-10-31,0.0,28.149999618530273,INVH,1.1623436767659516,0.0412910725583391
2025-11-30,0.0,28.200000762939453,INVH,1.1623436767659516,0.04121785976309292
2025-12-31,0.29833521888343745,27.959999084472656,INVH,1.171036068016942,0.04188255029905444
2015-01-31,0.0,27.649999618530273,KIM,0.0,0.0
2015-02-28,0.0,26.280000686645508,KIM,0.0,0.0
2015-03-31,0.0,26.850000381469727,KIM,0.0,0.0
2015-04-30,0.23793610912146634,24.100000381469727,KIM,0.23793610912146634,0.009872867442127233
2015-05-31,0.0,23.959999084472656,KIM,0.23793610912146634,0.009930555851968354
2015-06-30,0.0,22.540000915527344,KIM,0.23793610912146634,0.010556171227018765
2015-07-31,0.24463361544926743,24.709999084472656,KIM,0.48256972457073377,0.01952932992514647
2015-08-31,0.0,23.049999237060547,KIM,0.48256972457073377,0.02093578050080116
2015-09-30,0.0,24.43000030517578,KIM,0.48256972457073377,0.0197531608081272
2015-10-31,0.24297532977634323,26.770000457763672,KIM,0.725545054347077,0.027102915276068246
2015-11-30,0.0,26.09000015258789,KIM,0.725545054347077,0.02780931583379502
2015-12-31,0.25476239551870816,26.459999084472656,KIM,0.9803074498657851,0.03704865773941211
2016-01-31,0.0,27.190000534057617,KIM,0.9803074498657851,0.03605396949653873
2016-02-29,0.0,26.75,KIM,0.9803074498657851,0.036647007471618136
2016-03-31,0.0,28.780000686645508,KIM,0.9803074498657851,0.03406210654889481
2016-04-30,0.25593804443255674,28.1200008392334,KIM,0.9983093851768756,0.03550175517007884
2016-05-31,0.0,28.18000030517578,KIM,0.9983093851768756,0.03542616658501304
2016-06-30,0.0,31.3799991607666,KIM,0.9983093851768756,0.03181355678380736
2016-07-31,0.25585794793948585,32.099998474121094,KIM,1.009533717667094,0.03144965002041905
2016-08-31,0.0,30.049999237060547,KIM,1.009533717667094,0.033595132888457446
2016-09-30,0.0,28.950000762939453,KIM,1.009533717667094,0.03487163008850264
2016-10-31,0.24971666393142358,26.61000061035156,KIM,1.0162750518221744,0.03819147044389143
2016-11-30,0.0,25.540000915527344,KIM,1.0162750518221744,0.039791504126545196
2016-12-31,0.2737596171056855,25.15999984741211,KIM,1.0352722734091517,0.041147546887431205
2017-01-31,0.0,24.88999938964844,KIM,1.0352722734091517,0.04159390513443377
2017-02-28,0.0,24.25,KIM,1.0352722734091517,0.042691640140583575
2017-03-31,0.0,22.09000015258789,KIM,1.0352722734091517,0.04686610530819156
2017-04-30,0.2733403089967691,20.290000915527344,KIM,1.052674537973364,0.05188144359164533
2017-05-31,0.0,17.540000915527344,KIM,1.052674537973364,0.060015648975336164
2017-06-30,0.0,18.350000381469727,KIM,1.052674537973364,0.05736645864249573
2017-07-31,0.2837377480768103,20.18000030517578,KIM,1.0805543381106886,0.05354580385380605
2017-08-31,0.0,19.6200008392334,KIM,1.0805543381106886,0.05507412293020618
2017-09-30,0.0,19.549999237060547,KIM,1.0805543381106886,0.05527132379945586
2017-10-31,0.27028595809927225,18.15999984741211,KIM,1.1011236322785372,0.06063456175829499
2017-11-30,0.0,18.520000457763672,KIM,1.1011236322785372,0.059455918199880005
2017-12-31,0.28093361977350956,18.149999618530273,KIM,1.1082976349463611,0.061063231858960634
2018-01-31,0.0,15.90999984741211,KIM,1.1082976349463611,0.06966044283945325
2018-02-28,0.0,14.960000038146973,KIM,1.1082976349463611,0.07408406631820041
2018-03-31,0.0,14.399999618530272,KIM,1.1082976349463611,0.07696511557682104
2018-04-30,0.2774280213495309,14.510000228881836,KIM,1.112385347299123,0.07666335835646262
2018-05-31,0.0,15.460000038146973,KIM,1.112385347299123,0.07195248024284306
2018-06-30,0.0,16.989999771118164,KIM,1.112385347299123,0.06547294657355451
2018-07-31,0.27346941451929024,16.690000534057617,KIM,1.102117013741603,0.06603457031008614
2018-08-31,0.0,17.110000610351562,KIM,1.102117013741603,0.06441361627274411
2018-09-30,0.0,16.739999771118164,KIM,1.102117013741603,0.06583733744388134
2018-10-31,0.27761552501976733,16.09000015258789,KIM,1.1094465806620981,0.0689525525258405
2018-11-30,0.0,16.350000381469727,KIM,1.1094465806620981,0.06785605839615083
2018-12-31,0.2786731646820928,14.649999618530272,KIM,1.1071861255706814,0.07557584671676308
2019-01-31,0.0,17.010000228881836,KIM,1.1071861255706814,0.06509030632996429
2019-02-28,0.0,17.59000015258789,KIM,1.1071861255706814,0.06294406571723589
2019-03-31,0.0,18.5,KIM,1.1071861255706814,0.05984789867949629
2019-04-30,0.2793901891396625,17.389999389648438,KIM,1.1091482933608128,0.06378081266759812
2019-05-31,0.0,17.399999618530273,KIM,1.1091482933608128,0.06374415618834935
2019-06-30,0.0,18.479999542236328,KIM,1.1091482933608128,0.060018848530046603
2019-07-31,0.27615334328244634,19.209999084472656,KIM,1.1118322221239691,0.05787778631507887
2019-08-31,0.0,18.3799991607666,KIM,1.1118322221239691,0.060491418546811095
2019-09-30,0.0,20.8799991607666,KIM,1.1118322221239691,0.05324867178218549
2019-10-31,0.2785046993935141,21.559999465942383,KIM,1.1127213964977156,0.051610455661441214
2019-11-30,0.0,21.6200008392334,KIM,1.1127213964977156,0.05146722263203994
2019-12-31,0.2830063711301323,20.709999084472656,KIM,1.117054602945755,0.0539379358921975
2020-01-31,0.0,19.049999237060547,KIM,1.117054602945755,0.05863803924845295
2020-02-29,0.0,17.350000381469727,KIM,1.117054602945755,0.06438354918647725
2020-03-31,0.0,9.670000076293944,KIM,1.117054602945755,0.11551753817295414
2020-04-30,0.24749868848442225,10.90999984741211,KIM,1.0851631022905148,0.09946499701811815
2020-05-31,0.0,11.109999656677246,KIM,1.0851631022905148,0.09767444966916075
2020-06-30,0.0,12.84000015258789,KIM,1.0851631022905148,0.08451425929864971
2020-07-31,0.0,11.149999618530272,KIM,0.8090097590080686,0.07255693154137592
2020-08-31,0.0,11.989999771118164,KIM,0.8090097590080686,0.0674737092953774
2020-09-30,0.09942451821076145,11.260000228881836,KIM,0.9084342772188301,0.0806779981130641
2020-10-31,0.0,10.260000228881836,KIM,0.629929577825316,0.0613966436425672
2020-11-30,0.0,14.4399995803833,KIM,0.629929577825316,0.0436239332500448
2020-12-31,0.15871179890097686,15.010000228881836,KIM,0.5056350055961606,0.03368654216428534
2021-01-31,0.0,16.510000228881836,KIM,0.5056350055961606,0.030625984166349433
2021-02-28,0.0,18.329999923706055,KIM,0.5056350055961606,0.02758510680309532
2021-03-31,0.16737522098008845,18.75,KIM,0.673010226576249,0.03589387875073328
2021-04-30,0.0,21.0,KIM,0.42551153809182674,0.020262454194848893
2021-05-31,0.0,21.309999465942383,KIM,0.42551153809182674,0.019967693512704155
2021-06-30,0.1719380352348781,20.850000381469727,KIM,0.5974495733267049,0.0286546552707828
2021-07-31,0.0,21.329999923706055,KIM,0.5974495733267049,0.028009825385076653
2021-08-31,0.0,21.790000915527344,KIM,0.5974495733267049,0.02741851988179441
2021-09-30,0.17031819834378303,20.75,KIM,0.6683432534597264,0.03220931341974585
2021-10-31,0.0,22.600000381469727,KIM,0.6683432534597264,0.029572709830912963
2021-11-30,0.0,22.420000076293945,KIM,0.6683432534597264,0.029810136092122817
2021-12-31,0.1715233751224437,24.649999618530273,KIM,0.6811548296811932,0.027633056398473334
2022-01-31,0.0,24.260000228881836,KIM,0.6811548296811932,0.02807728043094863
2022-02-28,0.0,23.530000686645508,KIM,0.6811548296811932,0.028948355707774535
2022-03-31,0.193557253708819,24.700000762939453,KIM,0.7073368624099239,0.028637119051074328
2022-04-30,0.0,25.329999923706055,KIM,0.7073368624099239,0.027924866345851642
2022-05-31,0.0,23.649999618530273,KIM,0.7073368624099239,0.029908535890872088
2022-06-30,0.19447913945495016,19.770000457763672,KIM,0.7298779666299958,0.03691845977390319
2022-07-31,0.0,22.11000061035156,KIM,0.7298779666299958,0.033011214223498404
2022-08-31,0.0,21.079999923706055,KIM,0.7298779666299958,0.03462419209068368
2022-09-30,0.22133336489750294,18.40999984741211,KIM,0.7808931331837158,0.04241679194220557
2022-10-31,0.0,21.3799991607666,KIM,0.7808931331837158,0.03652446977718759
2022-11-30,0.0,22.920000076293945,KIM,0.7808931331837158,0.03407038091554764
2022-12-31,0.22989502671360987,21.18000030517578,KIM,0.839264784774882,0.03962534337498522
2023-01-31,0.0,22.459999084472656,KIM,0.839264784774882,0.03736708900202465
2023-02-28,0.0,20.61000061035156,KIM,0.839264784774882,0.040721240170820454
2023-03-31,0.23613487074136646,19.530000686645508,KIM,0.8818424018074293,0.045153219191150756
2023-04-30,0.0,19.190000534057617,KIM,0.8818424018074293,0.04595322445366127
2023-05-31,0.0,18.3799991607666,KIM,0.8818424018074293,0.047978370080113165
2023-06-30,0.2384796382183765,19.719999313354492,KIM,0.9258429005708558,0.046949438783391334
2023-07-31,0.0,20.260000228881836,KIM,0.9258429005708558,0.045698069600760005
2023-08-31,0.0,18.940000534057617,KIM,0.9258429005708558,0.048882939517663655
2023-09-30,0.23402411871360873,17.59000015258789,KIM,0.9385336543869616,0.05335609131583105
2023-10-31,0.0,17.940000534057617,KIM,0.9385336543869616,0.05231514082762888
2023-11-30,0.0,19.31999969482422,KIM,0.9385336543869616,0.04857834726769651
2023-12-31,0.32950903815725185,21.309999465942383,KIM,1.0381476658306035,0.04871645667986852
2024-01-31,0.0,20.200000762939453,KIM,1.0381476658306035,0.05139344686240174
2024-02-29,0.0,19.760000228881836,KIM,1.0381476658306035,0.052537836731055006
2024-03-31,0.23827492625923083,19.61000061035156,KIM,1.040287721348468,0.053048836765427224
2024-04-30,0.0,18.6299991607666,KIM,1.040287721348468,0.05583938637738841
2024-05-31,0.0,19.36000061035156,KIM,1.040287721348468,0.05373386821032633
2024-06-30,0.2394954770957816,19.459999084472656,KIM,1.041303560225873,0.05350994908610968
2024-07-31,0.0,21.729999542236328,KIM,1.041303560225873,0.04792009121776115
2024-08-31,0.0,23.260000228881836,KIM,1.041303560225873,0.04476799441011574
2024-09-30,0.23999977111816775,23.219999313354492,KIM,1.047279212630432,0.045102465271310815
2024-10-31,0.0,23.719999313354492,KIM,1.047279212630432,0.044151738741442875
2024-11-30,0.0,25.56999969482422,KIM,1.047279212630432,0.04095734161633245
2024-12-31,0.25049881845600236,23.43000030517578,KIM,0.9682689929291826,0.041326034157809555
2025-01-31,0.0,22.450000762939453,KIM,0.9682689929291826,0.04313002049102843
2025-02-28,0.0,22.100000381469727,KIM,0.9682689929291826,0.043813075846869706
2025-03-31,0.25247371827545656,21.239999771118164,KIM,0.9824677849454082,0.04625554592902366
2025-04-30,0.0,19.979999542236328,KIM,0.9824677849454082,0.049172562935676734
2025-05-31,0.0,21.260000228881836,KIM,0.9824677849454082,0.04621203077931862
2025-06-30,0.2551074361168088,21.020000457763672,KIM,0.9980797439664355,0.04748238450193743
2025-07-31,0.0,21.229999542236328,KIM,0.9980797439664355,0.04701270680580051
2025-08-31,0.0,22.489999771118164,KIM,0.9980797439664355,0.04437882410511081
2025-09-30,0.2524385919024089,21.850000381469727,KIM,1.0105185647506767,0.0462479884260169
2025-10-31,0.0,20.65999984741211,KIM,1.0105185647506767,0.04891183795808475
2025-11-30,0.0,20.65999984741211,KIM,1.0105185647506767,0.04891183795808475
2025-12-31,0.2603861948649308,20.36000061035156,KIM,1.0204059411596051,0.050118168495574794
2015-01-31,0.7680624674698379,79.31999969482422,MAA,0.7680624674698379,0.009683087120838143
2015-02-28,0.0,72.47000122070312,MAA,0.7680624674698379,0.010598350414411458
2015-03-31,0.0,77.2699966430664,MAA,0.7680624674698379,0.009939983186718019
2015-04-30,0.7688508056697163,74.61000061035156,MAA,1.5369132731395543,0.02059929313184216
2015-05-31,0.0,76.38999938964844,MAA,1.5369132731395543,0.020119299455680063
2015-06-30,0.0,72.80999755859375,MAA,1.5369132731395543,0.02110854724178126
2015-07-31,0.7688837431722816,80.33999633789062,MAA,2.3057970163118355,0.028700486948172243
2015-08-31,0.0,78.58999633789062,MAA,2.3057970163118355,0.02933957403940151
2015-09-30,0.0,81.87000274658203,MAA,2.3057970163118355,0.028164125307887568
2015-10-31,0.763605432237322,85.19000244140625,MAA,3.069402448549158,0.03603007818505811
2015-11-30,0.0,88.55999755859375,MAA,3.069402448549158,0.03465901686050021
2015-12-31,0.0,90.80999755859376,MAA,3.069402448549158,0.0338002701362113
2016-01-31,0.8184393130111519,93.81999969482422,MAA,3.119779294090472,0.033252817141744044
2016-02-29,0.0,89.94000244140625,MAA,3.119779294090472,0.03468733833004878
2016-03-31,0.0,102.20999908447266,MAA,3.119779294090472,0.030523229840870008
2016-04-30,0.8059699644466093,95.70999908447266,MAA,3.156898452867365,0.0329839983603084
2016-05-31,0.0,102.98999786376952,MAA,3.156898452867365,0.030652476146695008
2016-06-30,0.0,106.4000015258789,MAA,3.156898452867365,0.029670097815736735
2016-07-31,0.8223545053689042,106.0199966430664,MAA,3.210369215063987,0.030280789631339247
2016-08-31,0.0,93.98999786376952,MAA,3.210369215063987,0.034156498436324505
2016-09-30,0.0,93.98999786376952,MAA,3.210369215063987,0.034156498436324505
2016-10-31,0.8382211882406614,92.75,MAA,3.284984971067327,0.035417627720402446
2016-11-30,0.0,91.62999725341795,MAA,3.2849849710673267,0.03585054097494029
2016-12-31,0.0,97.91999816894533,MAA,3.2849849710673267,0.03354764126322398
2017-01-31,0.8551240283393922,94.9499969482422,MAA,3.321669686395567,0.03498335748453187
2017-02-28,0.0,102.7300033569336,MAA,3.321669686395567,0.03233397817436532
2017-03-31,0.0,101.73999786376952,MAA,3.321669686395567,0.03264861171752041
2017-04-30,0.8783348693260659,99.20999908447266,MAA,3.394034591275024,0.034210610045315726
2017-05-31,0.0,101.94000244140624,MAA,3.394034591275024,0.033294433097800544
2017-06-30,0.0,105.37999725341795,MAA,3.394034591275024,0.03220757904475026
2017-07-31,0.8797927668023604,103.52999877929688,MAA,3.4514728527084797,0.03333790102776161
2017-08-31,0.0,106.45999908447266,MAA,3.4514728527084797,0.03242037274460095
2017-09-30,0.0,106.87999725341795,MAA,3.4514728527084797,0.03229297287990063
2017-10-31,0.8759202858320321,102.3499984741211,MAA,3.48917195029985,0.03409059113158734
2017-11-30,0.0,102.44000244140624,MAA,3.48917195029985,0.03406063907793824
2017-12-31,0.0,100.55999755859376,MAA,3.48917195029985,0.03469741482707175
2018-01-31,0.913902945475061,95.37000274658205,MAA,3.547950867435519,0.03720195832292428
2018-02-28,0.0,85.81999969482422,MAA,3.547950867435519,0.04134177208170621
2018-03-31,0.0,91.23999786376952,MAA,3.547950867435519,0.038885915722323514
2018-04-30,0.9137285144191902,91.45999908447266,MAA,3.5833445125286434,0.039179363092044846
2018-05-31,0.0,93.55999755859376,MAA,3.583344512528644,0.03829996372418142
2018-06-30,0.0,100.66999816894533,MAA,3.583344512528644,0.03559495954807749
2018-07-31,0.9268350531145761,100.77999877929688,MAA,3.63038679884086,0.03602288988702237
2018-08-31,0.0,103.55999755859376,MAA,3.63038679884086,0.035055879532894
2018-09-30,0.0,100.18000030517578,MAA,3.63038679884086,0.036238638328825165
2018-10-31,0.9204836062469314,97.70999908447266,MAA,3.6749501192557585,0.037610788595737014
2018-11-30,0.0,103.55999755859376,MAA,3.674950119255759,0.035486193567902405
2018-12-31,0.0,95.6999969482422,MAA,3.674950119255759,0.03840073392315045
2019-01-31,0.9628794407184412,101.27999877929688,MAA,3.723926614499139,0.03676862815346286
2019-02-28,0.0,103.58000183105467,MAA,3.723926614499139,0.03595217753107489
2019-03-31,0.0,109.33000183105467,MAA,3.723926614499139,0.03406134228602359
2019-04-30,0.9641825896999738,109.41000366210938,MAA,3.774380689779923,0.034497583067781744
2019-05-31,0.0,114.18000030517578,MAA,3.774380689779923,0.03305640812481965
2019-06-30,0.0,117.76000213623048,MAA,3.774380689779923,0.03205146587390119
2019-07-31,0.9576028344229576,117.83999633789062,MAA,3.805148471088304,0.032290806087413165
2019-08-31,0.0,126.68000030517578,MAA,3.805148471088304,0.030037483911600816
2019-09-30,0.0,130.00999450683594,MAA,3.805148471088304,0.029268122697199476
2019-10-31,0.9547459438413938,138.99000549316406,MAA,3.8394108086827665,0.027623646715170466
2019-11-30,0.0,136.11000061035156,MAA,3.8394108086827665,0.028208146289514954
2019-12-31,0.0,131.86000061035156,MAA,3.8394108086827665,0.029117327399597756
2020-01-31,0.9943536737764077,137.2100067138672,MAA,3.870885041740733,0.028211390221800203
2020-02-29,0.0,129.25999450683594,MAA,3.870885041740733,0.02994650476745936
2020-03-31,0.0,103.02999877929688,MAA,3.870885041740733,0.03757046576340015
2020-04-30,1.0330749761785898,111.91999816894533,MAA,3.9397774282193487,0.03520172884806682
2020-05-31,0.0,116.36000061035156,MAA,3.9397774282193487,0.03385852017492049
2020-06-30,0.0,114.66999816894533,MAA,3.9397774282193487,0.034357525866659605
2020-07-31,1.0143763502024934,119.19000244140624,MAA,3.9965509439988844,0.03353092425653391
2020-08-31,0.0,117.12000274658205,MAA,3.9965509439988844,0.03412355575713575
2020-09-30,0.0,115.9499969482422,MAA,3.9965509439988844,0.034467883132268354
2020-10-31,0.9964342664133803,116.62999725341795,MAA,4.038239266570871,0.03462436218528271
2020-11-30,0.0,126.16000366210938,MAA,4.038239266570871,0.03200887087310467
2020-12-31,0.0,126.69000244140624,MAA,4.038239266570871,0.03187496399677271
2021-01-31,1.0544639319964983,132.75,MAA,4.098349524790962,0.030872689452285964
2021-02-28,0.0,134.72999572753906,MAA,4.098349524790962,0.03041898355789268
2021-03-31,0.0,144.36000061035156,MAA,4.098349524790962,0.02838978600348581
2021-04-30,1.024851465302429,157.3300018310547,MAA,4.0901260139148015,0.025997114131523953
2021-05-31,0.0,160.6999969482422,MAA,4.0901260139148015,0.02545193585306749
2021-06-30,0.0,168.4199981689453,MAA,4.0901260139148015,0.024285275254616247
2021-07-31,1.040894885922277,193.1000061035156,MAA,4.116644549634585,0.02131871786388119
2021-08-31,0.0,192.3699951171875,MAA,4.116644549634585,0.021399618724982642
2021-09-30,0.0,186.75,MAA,4.116644549634585,0.022043612046236064
2021-10-31,1.0436590360149958,204.2100067138672,MAA,4.1638693192362,0.02039013359942976
2021-11-30,0.0,206.25,MAA,4.1638693192362,0.02018845730538764
2021-12-31,0.0,229.44000244140625,MAA,4.1638693192362,0.018147965807747746
2022-01-31,1.104495333461106,206.67999267578125,MAA,4.213900720700808,0.02038852753063114
2022-02-28,0.0,204.61000061035156,MAA,4.213900720700808,0.0205947935493414
2022-03-31,0.0,209.4499969482422,MAA,4.213900720700808,0.020118886522314524
2022-04-30,1.085761193829338,196.67999267578125,MAA,4.274810449227717,0.021734851578292275
2022-05-31,0.0,181.0,MAA,4.274810449227717,0.023617737288550922
2022-06-30,0.0,174.6699981689453,MAA,4.274810449227717,0.024473638827733943
2022-07-31,1.2328593372317143,185.72999572753903,MAA,4.466774900537154,0.024049830416675366
2022-08-31,0.0,165.6699981689453,MAA,4.466774900537154,0.026961881752313843
2022-09-30,0.0,155.07000732421875,MAA,4.466774900537154,0.02880489256183543
2022-10-31,1.2733316758069673,157.4499969482422,MAA,4.6964475403291255,0.029828184384614292
2022-11-30,0.0,164.8800048828125,MAA,4.6964475403291255,0.028484033243855726
2022-12-31,0.0,156.99000549316406,MAA,4.6964475403291255,0.02991558300527371
2023-01-31,1.4113315153604287,166.72000122070312,MAA,5.003283722228448,0.030010098881927943
2023-02-28,0.0,160.10000610351562,MAA,5.003283722228448,0.031250990202920305
2023-03-31,0.0,151.0399932861328,MAA,5.003283722228448,0.03312555577746974
2023-04-30,1.396896746753948,153.8000030517578,MAA,5.314419275153059,0.03455409083031432
2023-05-31,0.0,147.05999755859375,MAA,5.314419275153059,0.03613776256888357
2023-06-30,0.0,151.86000061035156,MAA,5.314419275153059,0.03499551727771296
2023-07-31,1.3987205054655485,149.66000366210938,MAA,5.480280443386892,0.03661820332277847
2023-08-31,0.0,145.22999572753906,MAA,5.480280443386892,0.037735182845204066
2023-09-30,0.0,128.64999389648438,MAA,5.480280443386892,0.04259837313164966
2023-10-31,1.3904924524492126,118.1500015258789,MAA,5.597441220029138,0.0473757185589465
2023-11-30,0.0,124.4800033569336,MAA,5.597441220029138,0.044966589565225604
2023-12-31,0.0,134.4600067138672,MAA,5.597441220029138,0.04162904165206962
2024-01-31,1.5017101957068977,126.37999725341795,MAA,5.687819900375606,0.04500569729377628
2024-02-29,0.0,125.68000030517578,MAA,5.687819900375606,0.04525636446979997
2024-03-31,0.0,131.5800018310547,MAA,5.687819900375606,0.04322708482462722
2024-04-30,1.4431024805705268,130.0,MAA,5.734025634192186,0.044107889493786044
2024-05-31,0.0,133.7100067138672,MAA,5.734025634192186,0.042884042676497036
2024-06-30,0.0,142.61000061035156,MAA,5.734025634192186,0.04020773865543321
2024-07-31,1.4782200812661939,139.77000427246094,MAA,5.8135252099928305,0.041593510998684836
2024-08-31,0.0,162.3699951171875,MAA,5.8135252099928305,0.03580418417699051
2024-09-30,0.0,158.89999389648438,MAA,5.8135252099928305,0.0365860631422054
2024-10-31,1.4762854550261617,151.33999633789062,MAA,5.89931821256978,0.03898056267557066
2024-11-30,0.0,164.16000366210938,MAA,5.89931821256978,0.03593639181875476
2024-12-31,0.0,154.57000732421875,MAA,5.89931821256978,0.038165995555629675
2025-01-31,1.511005466495564,152.5800018310547,MAA,5.908613483358447,0.03872469139108284
2025-02-28,0.0,168.1199951171875,MAA,5.908613483358447,0.03514521564933348
2025-03-31,0.0,167.5800018310547,MAA,5.908613483358447,0.035258464129360734
2025-04-30,1.4954478607340098,159.64999389648438,MAA,5.960958863521929,0.0373376704754963
2025-05-31,0.0,156.64999389648438,MAA,5.960958863521929,0.03805272324147667
2025-06-30,0.0,148.00999450683594,MAA,5.960958863521929,0.04027402935446105
2025-07-31,1.4915685640278025,142.42999267578125,MAA,5.974307346283538,0.041945570831300114
2025-08-31,0.0,145.82000732421875,MAA,5.974307346283538,0.0409704227555013
2025-09-30,0.0,139.72999572753906,MAA,5.974307346283538,0.04275608336761779
2025-10-31,1.5122001377738505,128.22999572753906,MAA,6.010222029031227,0.04687064048416289
2025-11-30,0.0,135.88999938964844,MAA,6.010222029031227,0.044228582353566935
2025-12-31,0.0,139.91000366210938,MAA,6.010222029031227,0.04295777193706788
2015-01-31,0.1838444426576693,52.62596893310547,O,0.1838444426576693,0.0034934167747364383
2015-02-28,0.17913921554326287,48.50775146484375,O,0.36298365820093215,0.007483003174534001
2015-03-31,0.18686306489586949,50.0,O,0.5498467230968016,0.010996934461936033
2015-04-30,0.18025482131146575,45.51356506347656,O,0.7301015444082675,0.016041405312680168
2015-05-31,0.1832511962074096,44.156978607177734,O,0.913352740615677,0.02068422182461576
2015-06-30,0.18253288204987145,43.01356506347656,O,1.0958856226655485,0.025477674799759407
2015-07-31,0.18399433132463297,46.79263687133789,O,1.2798799539901815,0.027352165630446706
2015-08-31,0.18319952588388422,43.30426406860352,O,1.4630794798740656,0.03378603727236247
2015-09-30,0.1877075059743384,45.9205436706543,O,1.650786985848404,0.035948768326611646
2015-10-31,0.1824096113101441,47.92635726928711,O,1.8331965971585482,0.038250280255147304
2015-11-30,0.1873710237681154,48.08139419555664,O,2.0205676209266636,0.04202389832350974
2015-12-31,0.18480885888579723,50.02907180786133,O,2.2053764798124607,0.04408189878641559
2016-01-31,0.1927873122511556,54.06007766723633,O,2.214319349405947,0.04096034347260952
2016-02-29,0.18863559903628613,56.72480773925781,O,2.22381573289897,0.039203583432508016
2016-03-31,0.1914107290038187,60.57170486450195,O,2.2283633970069197,0.03678885053659522
2016-04-30,0.19353128692180963,57.36434173583984,O,2.2416398626172636,0.03907723499974797
2016-05-31,0.19348895021298873,58.22674560546875,O,2.2518776166228425,0.0386742826377599
2016-06-30,0.19516419375464192,67.20930480957031,O,2.264508928327613,0.03369338419351061
2016-07-31,0.19734768230461427,69.25387573242188,O,2.2778622793075947,0.032891477267043286
2016-08-31,0.1935552278399626,63.69186019897461,O,2.2882179812636725,0.035926380138925684
2016-09-30,0.19284215175123784,64.85465240478516,O,2.2933526270405724,0.03536142037624062
2016-10-31,0.1944406593467605,57.40310287475586,O,2.3053836750771888,0.04016130765800513
2016-11-30,0.19783557903436386,53.72092819213867,O,2.315848230343437,0.0431088647995909
2016-12-31,0.19932138830752089,55.69767379760742,O,2.3303607597651608,0.04183946295913825
2017-01-31,0.20465059918158443,57.781009674072266,O,2.3422240466955895,0.04053622565454411
2017-02-28,0.20498686301324656,59.379844665527344,O,2.35857531067255,0.03972013271435532
2017-03-31,0.20468841153174672,57.68410873413086,O,2.371852993200478,0.04111796203929362
2017-04-30,0.20601045153117997,56.54069900512695,O,2.3843321578098484,0.042170192441265075
2017-05-31,0.20457462448970104,53.22674560546875,O,2.3954178320865607,0.04500402579263544
2017-06-30,0.2024397023266788,53.468990325927734,O,2.4026933406585975,0.04493620182488285
2017-07-31,0.20350762159468389,55.29069900512695,O,2.408853279948667,0.04356706142791396
2017-08-31,0.20539049248038807,55.77519226074219,O,2.4206885445890927,0.0434008104046091
2017-09-30,0.2039298224231391,55.41666793823242,O,2.4317762152609936,0.04388167505797098
2017-10-31,0.20430404794858315,52.00581359863281,O,2.4416396038628165,0.04694935882950988
2017-11-30,0.20559836706599818,53.58526992797851,O,2.4494023918944507,0.04571036770341139
2017-12-31,0.20681904139215107,55.25193786621094,O,2.456900044979081,0.04446721942908697
2018-01-31,0.2160971084045374,51.54069900512695,O,2.468346554202034,0.0478912122234993
2018-02-28,0.21236839916310496,47.6550407409668,O,2.4757280903518923,0.051951022428223956
2018-03-31,0.2139873365596764,50.12596893310547,O,2.485027015379822,0.04957564049676848
2018-04-30,0.2101674054806595,48.94379806518555,O,2.4891839693293014,0.050858005870612955
2018-05-31,0.21234435601073104,51.64728546142578,O,2.4969537008503315,0.048346271803873436
2018-06-30,0.21203353040066011,52.122093200683594,O,2.5065475289243127,0.04808992454070204
2018-07-31,0.21556201018031662,54.04069900512695,O,2.5186019175099457,0.046605650257614185
2018-08-31,0.21451666949773754,56.753875732421875,O,2.527728094527295,0.044538422476110756
2018-09-30,0.21794549353761852,55.12596893310547,O,2.5417437656417747,0.0461079200027512
2018-10-31,0.2109678919539965,58.401161193847656,O,2.548407609647188,0.04363624896409856
2018-11-30,0.21567542061645684,62.10271453857422,O,2.5584846631976466,0.04119763012305171
2018-12-31,0.21383379675455833,61.08526992797851,O,2.5654994185600537,0.041998658949773976
2019-01-31,0.22334674841353433,66.5600814819336,O,2.572749058569051,0.03865303348925996
2019-02-28,0.22075890192457634,67.0155029296875,O,2.5811395613305224,0.03851555906457417
2019-03-31,0.2186902637403639,71.27906799316406,O,2.5858424885112097,0.03627772586419343
2019-04-30,0.22131102870394856,67.83914947509766,O,2.596986111734499,0.03828152522295107
2019-05-31,0.22243612676851124,67.90697479248047,O,2.607077882492279,0.03839190142778925
2019-06-30,0.219278532627012,66.8313980102539,O,2.614322884718631,0.039118183407109285
2019-07-31,0.21810466676423493,67.06394958496094,O,2.616865541302549,0.039020450741382814
2019-08-31,0.2202848927847244,71.52131652832031,O,2.6226337645895357,0.036669260185542736
2019-09-30,0.21931455653988868,74.30232238769531,O,2.6240028275918057,0.035315219541863854
2019-10-31,0.22014423028506058,79.25387573242188,O,2.63317916592287,0.0332246106778809
2019-11-30,0.21759817865665726,74.25387573242188,O,2.63510192396307,0.03548773579791056
2019-12-31,0.22277369646547385,71.3469009399414,O,2.644041823673986,0.037058958256640954
2020-01-31,0.22480973871082346,75.97868347167969,O,2.645504813971275,0.034819039934501646
2020-02-29,0.2249281086333081,70.14534759521484,O,2.6496740206800067,0.037774052186188914
2020-03-31,0.21282411433741344,48.3139533996582,O,2.6438078712770565,0.05472141452402361
2020-04-30,0.22531960876626883,53.2170524597168,O,2.6478164513393767,0.04975503769855854
2020-05-31,0.22514932062018223,53.5949592590332,O,2.6505296451910474,0.049454830861622716
2020-06-30,0.22657560092662218,57.6550407409668,O,2.6578267134906577,0.04609877435403733
2020-07-31,0.22574357500868977,58.187984466552734,O,2.665465621735113,0.04580783552087562
2020-08-31,0.22251782607047002,60.106590270996094,O,2.6676985550208587,0.044382796345513766
2020-09-30,0.22632177793770084,58.86627960205078,O,2.67470577641867,0.04543697672929697
2020-10-31,0.22507490632409516,56.06589126586914,O,2.6796364524577054,0.04779441460674629
2020-11-30,0.22141929399633475,58.11046600341797,O,2.6834575677973826,0.04617855874085652
2020-12-31,0.23193146854131522,60.24224853515625,O,2.692615339873224,0.04469646145930068
2021-01-31,0.22152662568865025,57.22868347167969,O,2.6893322268510507,0.046992732729591785
2021-02-28,0.22363900346149287,58.39147186279297,O,2.6880431216792355,0.046034858103860474
2021-03-31,0.22633828767538464,61.531009674072266,O,2.701557295017207,0.04390562269865661
2021-04-30,0.22795588087256763,67.00581359863281,O,2.7041935671235056,0.04035759618294795
2021-05-31,0.22912348455484957,66.27906799316406,O,2.708167731058173,0.040860075632588706
2021-06-30,0.2254124447715269,64.67053985595703,O,2.7070045749030776,0.04185838839342433
2021-07-31,0.22967634901637854,68.11046600341797,O,2.7109373489107664,0.03980206725901309
2021-08-31,0.22995350915321056,69.98062133789062,O,2.7183730319935067,0.03884465413458195
2021-09-30,0.2253592884093718,62.848838806152344,O,2.717410542465178,0.04323724342539751
2021-10-31,0.0,69.21511840820312,O,2.4923356361410827,0.03600854399240181
2021-11-30,0.4678342114272451,67.91999816894531,O,2.738750553571993,0.04032318356015824
2021-12-31,0.2467672586763481,71.58999633789062,O,2.753586343707026,0.03846328376258944
2022-01-31,0.24758618522672823,69.41000366210938,O,2.779645903245104,0.040046762088884615
2022-02-28,0.2430836622976527,66.08999633789062,O,2.799090562081264,0.042352711714049425
2022-03-31,0.2444245298051809,69.30000305175781,O,2.81717680421106,0.04065190014648349
2022-04-30,0.23644540155936966,69.36000061035156,O,2.825666324897862,0.040739133506814705
2022-05-31,0.24384210494702402,68.22000122070312,O,2.8403849452900363,0.04163566248116759
2022-06-30,0.24494633379771497,68.26000213623047,O,2.8599188343162245,0.041897432534627195
2022-07-31,0.25037196194552624,73.98999786376953,O,2.880614447245372,0.03893248453053293
2022-08-31,0.24640641951067058,68.27999877929688,O,2.8970673576028325,0.04242922392203161
2022-09-30,0.2501370245911914,58.20000076293945,O,2.921845093784652,0.05020352329007566
2022-10-31,0.2488484563014355,62.27000045776367,O,3.1706935500860873,0.050918476421671084
2022-11-30,0.25205727955909596,63.06999969482422,O,2.954916618217938,0.04685138152078397
2022-12-31,0.2476327285780169,63.43000030517578,O,2.9557820881196073,0.04659911830204454
2023-01-31,0.25011117813664996,67.83000183105469,O,2.958307081029529,0.04361354859458553
2023-02-28,0.2528008498307805,63.95000076293945,O,2.9680242685626568,0.04641163773500215
2023-03-31,0.2589447173093218,63.31999969482422,O,2.9825444560667975,0.04710272379092559
2023-04-30,0.2583004950445044,62.84000015258789,O,3.0043995495519322,0.04781030461897929
2023-05-31,0.25836491402726447,59.439998626708984,O,3.0189223586321727,0.05078940828366102
2023-06-30,0.25524514894568423,59.790000915527344,O,3.0292211737801416,0.05066434399390449
2023-07-31,0.25497781631202954,60.970001220703125,O,3.0338270281466455,0.049759340124737796
2023-08-31,0.25480668133465467,56.040000915527344,O,3.0422272899706293,0.054286710211806956
2023-09-30,0.25898654657551734,49.939998626708984,O,3.051076811954955,0.06109485173920637
2023-10-31,0.2638847229692833,47.380001068115234,O,3.066113078622803,0.06471323363236835
2023-11-30,0.2586234143951661,53.959999084472656,O,3.0726792134588736,0.0569436483616075
2023-12-31,0.2530125827648704,57.41999816894531,O,3.0780590676457265,0.05360604607804473
2024-01-31,0.25450119597198045,54.38999938964844,O,3.082449085481057,0.056673085494972665
2024-02-29,0.25873505899937627,52.11000061035156,O,3.0883832946496526,0.05926661405634585
2024-03-31,0.2598255666641671,54.099998474121094,O,3.089264144004498,0.05710285085280099
2024-04-30,0.2545555713281914,53.540000915527344,O,3.085519220288185,0.05763016749208425
2024-05-31,0.0,53.060001373291016,O,2.827154306260921,0.053282213213134866
2024-06-30,0.26555348322485445,52.81999969482422,O,2.837462640540091,0.053719474762097194
2024-07-31,0.2620210111898147,57.43000030517578,O,2.844505835417876,0.049529963787263286
2024-08-31,0.26687794674059884,62.11000061035156,O,2.85657710082382,0.04599222464582827
2024-09-30,0.2648508743599315,63.41999816894531,O,2.8624414286082347,0.04513468166591462
2024-10-31,0.26334209065393216,59.369998931884766,O,2.8618987962928832,0.04820446096986361
2024-11-30,0.2629827075637428,57.88999938964844,O,2.8662580894614598,0.04951214578824106
2024-12-31,0.25972023840796404,53.40999984741211,O,2.872965745104554,0.05379078362314878
2025-01-31,0.261281569284075,54.63999938964844,O,2.8797461184166484,0.05270399250703903
2025-02-28,0.26455079794265546,57.029998779296875,O,2.8855618573599275,0.050597263179452304
2025-03-31,0.27171245072145156,58.0099983215332,O,2.897448741417212,0.049947402607348194
2025-04-30,0.26623905454796015,57.86000061035156,O,2.9091322246369806,0.050278814274960726
2025-05-31,0.2670364020683276,56.619998931884766,O,3.176168626705308,0.056096232543669175
2025-06-30,0.2700925623536515,57.61000061035156,O,3.1807077058341053,0.055211034058947485
2025-07-31,0.2711538005988586,56.130001068115234,O,3.1898404952431494,0.056829510681323414
2025-08-31,0.2724177623293922,58.7599983215332,O,3.1953803108319425,0.054380197449069065
2025-09-30,0.2655453791997553,60.790000915527344,O,3.1960748156717664,0.05257566651648801
2025-10-31,0.5413161019334893,57.97999954223633,O,3.474048826951323,0.05991805543945554
2025-11-30,0.273508709993183,57.61000061035156,O,3.4845748293807635,0.06048558917658895
2025-12-31,0.0,57.029998779296875,O,3.2248545909727993,0.05654663615639935
2015-01-31,0.0,45.13999938964844,PLD,0.0,0.0
2015-02-28,0.0,42.709999084472656,PLD,0.0,0.0
2015-03-31,0.36606443168200764,43.560001373291016,PLD,0.36606443168200764,0.008403682739699395
2015-04-30,0.0,40.20000076293945,PLD,0.36606443168200764,0.009106080217279098
2015-05-31,0.0,39.59000015258789,PLD,0.36606443168200764,0.009246386215486766
2015-06-30,0.3566305848444154,37.099998474121094,PLD,0.722695016526423,0.019479650842318365
2015-07-31,0.0,40.61000061035156,PLD,0.722695016526423,0.01779598634978121
2015-08-31,0.0,38.0,PLD,0.722695016526423,0.01901828990859008
2015-09-30,0.40397020469152806,38.900001525878906,PLD,1.126665221217951,0.028963115090584697
2015-10-31,0.0,42.72999954223633,PLD,1.126665221217951,0.026367077774112836
2015-11-30,0.0,42.75,PLD,1.126665221217951,0.026354742016794178
2015-12-31,0.39827145799879493,42.91999816894531,PLD,1.524936679216746,0.03552974707068164
2016-01-31,0.0,39.470001220703125,PLD,1.524936679216746,0.03863533397655113
2016-02-29,0.0,38.459999084472656,PLD,1.524936679216746,0.03964994060107516
2016-03-31,0.4239906619860311,44.18000030517578,PLD,1.5828629095207694,0.03582758937498997
2016-04-30,0.0,45.40999984741211,PLD,1.5828629095207694,0.034857144127715206
2016-05-31,0.0,47.529998779296875,PLD,1.5828629095207694,0.033302397436842206
2016-06-30,0.42798653778406054,49.040000915527344,PLD,1.6542188624604146,0.03373203163902564
2016-07-31,0.0,54.4900016784668,PLD,1.6542188624604146,0.030358209056802508
2016-08-31,0.0,53.11000061035156,PLD,1.6542188624604146,0.03114703150912776
2016-09-30,0.42148217254425,53.540000915527344,PLD,1.6717308303131366,0.03122395968858326
2016-10-31,0.0,52.15999984741211,PLD,1.6717308303131366,0.03205005435589699
2016-11-30,0.0,50.900001525878906,PLD,1.6717308303131366,0.03284343379563917
2016-12-31,0.419821221248773,52.790000915527344,PLD,1.6932805935631148,0.03207578261407196
2017-01-31,0.0,48.849998474121094,PLD,1.6932805935631148,0.034662858678698866
2017-02-28,0.0,51.04999923706055,PLD,1.6932805935631148,0.03316906207383155
2017-03-31,0.4429797919773692,51.880001068115234,PLD,1.7122697235544526,0.033004427299574424
2017-04-30,0.0,54.40999984741211,PLD,1.7122697235544528,0.03146976159449288
2017-05-31,0.0,55.540000915527344,PLD,1.7122697235544528,0.030829486772222088
2017-06-30,0.4449814398793846,58.63999938964844,PLD,1.729264625649777,0.02948950620137693
2017-07-31,0.0,60.810001373291016,PLD,1.729264625649777,0.02843717458637166
2017-08-31,0.0,63.36000061035156,PLD,1.729264625649777,0.0272926863792873
2017-09-30,0.4423696753276283,63.459999084472656,PLD,1.7501521284331552,0.02757882372647845
2017-10-31,0.0,64.58000183105469,PLD,1.7501521284331552,0.027100527699142257
2017-11-30,0.0,66.2300033569336,PLD,1.7501521284331552,0.02642536674807419
2017-12-31,0.4434187658372789,64.51000213623047,PLD,1.773749673021661,0.027495731115864865
2018-01-31,0.0,65.11000061035156,PLD,1.773749673021661,0.02724235380731451
2018-02-28,0.0,60.68000030517578,PLD,1.773749673021661,0.029231207384657294
2018-03-31,0.48252963583821173,62.9900016784668,PLD,1.8132995168825037,0.028787100628104637
2018-04-30,0.0,64.91000366210938,PLD,1.8132995168825037,0.027935594123853068
2018-05-31,0.0,64.3499984741211,PLD,1.8132995168825037,0.028178703339235316
2018-06-30,0.47409790290549797,65.69000244140625,PLD,1.8424159799086168,0.02804712911301843
2018-07-31,0.0,65.62000274658203,PLD,1.8424159799086168,0.028077048198608668
2018-08-31,0.0,67.18000030517578,PLD,1.8424159799086168,0.027425066560570865
2018-09-30,0.48085292856966644,67.79000091552734,PLD,1.8808992331506549,0.02774596854622307
2018-10-31,0.0,64.47000122070312,PLD,1.880899233150655,0.02917479754206435
2018-11-30,0.0,67.33999633789062,PLD,1.880899233150655,0.02793138306264382
2018-12-31,0.4590217019685552,58.720001220703125,PLD,1.8965021692819313,0.03229737959564746
2019-01-31,0.0,69.16000366210938,PLD,1.8965021692819313,0.02742195009918668
2019-02-28,0.0,70.05999755859375,PLD,1.8965021692819313,0.02706968648829622
2019-03-31,0.5295114510397773,71.94999694824219,PLD,1.943483984483497,0.027011592312944196
2019-04-30,0.0,76.66999816894531,PLD,1.943483984483497,0.025348689590430858
2019-05-31,0.0,73.66999816894531,PLD,1.943483984483497,0.026380942483893652
2019-06-30,0.5334725705303679,80.0999984741211,PLD,2.0028586521083667,0.02500447803073873
2019-07-31,0.0,80.61000061035156,PLD,2.0028586521083667,0.024846280076211397
2019-08-31,0.0,83.62000274658203,PLD,2.0028586521083667,0.02395190847073051
2019-09-30,0.5298279784014305,85.22000122070312,PLD,2.051833701940131,0.02407690298696762
2019-10-31,0.0,87.76000213623047,PLD,2.051833701940131,0.023380055287089162
2019-11-30,0.0,91.5500030517578,PLD,2.051833701940131,0.02241216421129038
2019-12-31,0.5347095052086253,89.13999938964844,PLD,2.127521505180201,0.023867192278972167
2020-01-31,0.0,92.87999725341795,PLD,2.127521505180201,0.022906132300751215
2020-02-29,0.0,84.27999877929688,PLD,2.127521505180201,0.02524349235874479
2020-03-31,0.648526977191032,80.37000274658203,PLD,2.2465370313314557,0.027952431934276576
2020-04-30,0.0,89.2300033569336,PLD,2.2465370313314557,0.025176924205022894
2020-05-31,0.0,91.5,PLD,2.2465370313314557,0.02455231728231099
2020-06-30,0.5831598014817647,93.33000183105467,PLD,2.2962242622828524,0.02460328101610307
2020-07-31,0.0,105.41999816894533,PLD,2.2962242622828524,0.021781676173081885
2020-08-31,0.0,101.86000061035156,PLD,2.2962242622828524,0.022542943731825364
2020-09-30,0.579389628463946,100.62000274658205,PLD,2.345785912345368,0.02331331592440303
2020-10-31,0.0,99.1999969482422,PLD,2.345785912345368,0.023647036134177367
2020-11-30,0.0,100.0500030517578,PLD,2.345785912345368,0.023446135340264282
2020-12-31,0.5876581856684008,99.66000366210938,PLD,2.398734592805144,0.024069180259494012
2021-01-31,0.0,103.1999969482422,PLD,2.398734592805144,0.023243552943205792
2021-02-28,0.0,99.06999969482422,PLD,2.398734592805144,0.024212522460827893
2021-03-31,0.6339827464162381,106.0,PLD,2.3841903620303495,0.022492361905946695
2021-04-30,0.0,116.52999877929688,PLD,2.3841903620303495,0.020459884896642883
2021-05-31,0.0,117.83999633789062,PLD,2.3841903620303495,0.020232437509536225
2021-06-30,0.6180214748536312,119.52999877929688,PLD,2.419052035402216,0.020238032796008082
2021-07-31,0.0,128.0399932861328,PLD,2.419052035402216,0.018892940973499785
2021-08-31,0.0,134.66000366210938,PLD,2.419052035402216,0.017964146514299322
2021-09-30,0.6296535739096886,125.43000030517578,PLD,2.4693159808479583,0.019686805188870463
2021-10-31,0.0,144.9600067138672,PLD,2.4693159808479583,0.017034463758835754
2021-11-30,0.0,150.75,PLD,2.4693159808479583,0.01638020551142924
2021-12-31,0.6404734634400572,168.36000061035156,PLD,2.522131258619615,0.014980584755738843
2022-01-31,0.0,156.82000732421875,PLD,2.522131258619615,0.01608296863170791
2022-02-28,0.0,145.85000610351562,PLD,2.522131258619615,0.01729263731966906
2022-03-31,0.8048159885419188,161.47999572753906,PLD,2.692964500745296,0.01667676846665926
2022-04-30,0.0,160.2899932861328,PLD,2.692964500745296,0.016800577787398737
2022-05-31,0.0,127.4800033569336,PLD,2.692964500745296,0.021124603309000668
2022-06-30,0.8275489485222006,117.6500015258789,PLD,2.902491974413865,0.02467056469842389
2022-07-31,0.0,132.55999755859375,PLD,2.902491974413865,0.02189568518308787
2022-08-31,0.0,124.51000213623048,PLD,2.902491974413865,0.02331131575468253
2022-09-30,0.7696020594763215,101.5999984741211,PLD,3.042440459980498,0.02994528056765128
2022-10-31,0.0,110.75,PLD,3.042440459980498,0.027471245688311496
2022-11-30,0.0,117.79000091552734,PLD,3.042440459980498,0.025829361035172867
2022-12-31,0.7527084652103537,112.7300033569336,PLD,3.154675461750795,0.027984346383475585
2023-01-31,0.0,129.27999877929688,PLD,3.154675461750795,0.024401883443210478
2023-02-28,0.0,123.4000015258789,PLD,3.154675461750795,0.025564630654313327
2023-03-31,0.8769256502984578,124.7699966430664,PLD,3.2267851235073337,0.025861867518825885
2023-04-30,0.0,125.25,PLD,3.2267851235073337,0.025762755477104462
2023-05-31,0.0,124.5500030517578,PLD,3.2267851235073337,0.025907547526646115
2023-06-30,0.8722835696294575,122.62999725341795,PLD,3.2715197446145905,0.026677972909466132
2023-07-31,0.0,124.75,PLD,3.2715197446145905,0.026224607171259243
2023-08-31,0.0,124.1999969482422,PLD,3.2715197446145905,0.026340739331724213
2023-09-30,0.8680305571841846,112.20999908447266,PLD,3.3699482423224536,0.03003251287601854
2023-10-31,0.0,100.75,PLD,3.3699482423224536,0.03344861778980103
2023-11-30,0.0,114.93000030517578,PLD,3.3699482423224536,0.02932174570063662
2023-12-31,0.8572506489688084,133.3000030517578,PLD,3.474490426080908,0.02606519389749624
2024-01-31,0.0,126.69000244140624,PLD,3.4744904260809086,0.027425135047162468
2024-02-29,0.0,133.27000427246094,PLD,3.4744904260809086,0.026071061114229147
2024-03-31,0.9543067334180326,130.22000122070312,PLD,3.551871509200483,0.027275929011708427
2024-04-30,0.0,102.0500030517578,PLD,3.551871509200483,0.034805207280582263
2024-05-31,0.0,110.48999786376952,PLD,3.551871509200483,0.03214654337834111
2024-06-30,0.9595748525575323,112.30999755859376,PLD,3.639162792128558,0.032402839206099654
2024-07-31,0.0,126.0500030517578,PLD,3.639162792128558,0.028870787021197213
2024-08-31,0.0,127.81999969482422,PLD,3.639162792128558,0.02847099672052274
2024-09-30,0.9619324882646149,126.27999877929688,PLD,3.7330647232089884,0.029561805189223758
2024-10-31,0.0,112.94000244140624,PLD,3.7330647232089884,0.03305352082974957
2024-11-30,0.0,116.77999877929688,PLD,3.7330647232089884,0.031966644650032294
2024-12-31,0.9486855527509012,105.6999969482422,PLD,3.8244996269910807,0.03618258975791468
2025-01-31,0.0,119.25,PLD,3.8244996269910807,0.032071275698038415
2025-02-28,0.0,123.91999816894533,PLD,3.8244996269910807,0.030862650770676903
2025-03-31,1.0006548916476794,111.79000091552734,PLD,3.8708477852207275,0.03462606452741407
2025-04-30,0.0,102.1999969482422,PLD,3.870847785220728,0.03787522407834382
2025-05-31,0.0,108.5999984741211,PLD,3.870847785220728,0.03564316611056983
2025-06-30,1.0031300404232422,105.12000274658205,PLD,3.9144029730864376,0.037237470232217185
2025-07-31,0.0,106.77999877929688,PLD,3.9144029730864376,0.03665857855249746
2025-08-31,0.0,113.77999877929688,PLD,3.9144029730864376,0.034403260811061744
2025-09-30,1.0168719209550983,114.5199966430664,PLD,3.9693424057769207,0.03466069264871258
2025-10-31,0.0,124.08999633789062,PLD,3.9693424057769207,0.03198760998403616
2025-11-30,0.0,128.52999877929688,PLD,3.9693424057769207,0.030882614513930012
2025-12-31,0.994110201799394,129.00999450683594,PLD,4.0147670548254135,0.031119814167674276
2015-01-31,0.0,200.83999633789065,PSA,0.0,0.0
2015-02-28,0.0,197.22000122070312,PSA,0.0,0.0
2015-03-31,1.4284867673560906,197.13999938964844,PSA,1.4284867673560906,0.007246052408332809
2015-04-30,0.0,187.91000366210935,PSA,1.4284867673560906,0.007601972963210231
2015-05-31,0.0,193.5399932861328,PSA,1.4284867673560906,0.007380835056887656
2015-06-30,1.7122982490432896,184.3699951171875,PSA,3.1407850163993802,0.01703522861408693
2015-07-31,0.0,205.17999267578125,PSA,3.1407850163993802,0.01530746236726086
2015-08-31,0.0,201.27000427246097,PSA,3.1407850163993802,0.015604834052408883
2015-09-30,1.7314459469882904,211.6300048828125,PSA,4.87223096338767,0.023022401601727544
2015-10-31,0.0,229.4600067138672,PSA,4.87223096338767,0.021233464746923246
2015-11-30,0.0,240.05999755859375,PSA,4.87223096338767,0.02029588858176364
2015-12-31,1.7196561580116723,247.6999969482422,PSA,6.591887121399343,0.026612382731586153
2016-01-31,0.0,253.55999755859375,PSA,6.591887121399343,0.025997346524962245
2016-02-29,0.0,249.4900054931641,PSA,6.591887121399343,0.026421447658270855
2016-03-31,1.7305676939524266,275.8299865722656,PSA,6.8939680479956795,0.02499354088968679
2016-04-30,0.0,244.80999755859375,PSA,6.8939680479956795,0.0281604841172618
2016-05-31,0.0,253.7100067138672,PSA,6.8939680479956795,0.027172629638414936
2016-06-30,1.802698215321411,255.58999633789065,PSA,6.984368014273801,0.027326452968998237
2016-07-31,0.0,238.9199981689453,PSA,6.9843680142738,0.029233082487029854
2016-08-31,0.0,223.94000244140625,PSA,6.9843680142738,0.03118856809024665
2016-09-30,1.8184945631826315,223.13999938964844,PSA,7.071416630468142,0.031690493187283696
2016-10-31,0.0,213.72000122070312,PSA,7.071416630468141,0.03308729454463025
2016-11-30,0.0,209.3000030517578,PSA,7.071416630468141,0.033786032142194715
2016-12-31,2.0049909946709303,223.5,PSA,7.356751467127399,0.032916113946878746
2017-01-31,0.0,215.0,PSA,7.356751467127399,0.034217448684313485
2017-02-28,0.0,227.4600067138672,PSA,7.356751467127399,0.03234305482273993
2017-03-31,1.9925768961019272,218.91000366210935,PSA,7.6187606692769,0.03480316359153949
2017-04-30,0.0,209.3800048828125,PSA,7.6187606692769,0.03638724086161441
2017-05-31,0.0,215.3500061035156,PSA,7.6187606692769,0.03537850222123826
2017-06-30,2.0144265645174677,208.52999877929688,PSA,7.8304890184729565,0.037550899459605123
2017-07-31,0.0,205.57000732421875,PSA,7.8304890184729565,0.03809159283690129
2017-08-31,0.0,205.33999633789065,PSA,7.8304890184729565,0.0381342610213538
2017-09-30,1.9638658954559942,213.9900054931641,PSA,7.975860350746319,0.03727211620171255
2017-10-31,0.0,207.25,PSA,7.975860350746319,0.038484247771996716
2017-11-30,0.0,213.1199951171875,PSA,7.975860350746319,0.03742427052121816
2017-12-31,2.0193188460176024,209.0,PSA,7.990188202092991,0.038230565560253546
2018-01-31,0.0,195.7599945068359,PSA,7.990188202092991,0.04081624655855809
2018-02-28,0.0,194.44000244140625,PSA,7.990188202092991,0.041093335228180754
2018-03-31,1.999947352454462,200.38999938964844,PSA,7.997558658445526,0.03990996897452287
2018-04-30,0.0,201.77999877929688,PSA,7.997558658445526,0.03963504166333703
2018-05-31,0.0,211.83999633789065,PSA,7.997558658445526,0.03775282664605601
2018-06-30,2.011907006968115,226.86000061035156,PSA,7.995039100896173,0.035242171733166086
2018-07-31,0.0,217.8300018310547,PSA,7.995039100896173,0.0367031126736022
2018-08-31,0.0,212.5800018310547,PSA,7.995039100896173,0.03760955420091741
2018-09-30,1.9869355242521942,201.6300048828125,PSA,8.018108729692374,0.03976644614154776
2018-10-31,0.0,205.47000122070312,PSA,8.018108729692374,0.039023257322512106
2018-11-30,0.0,213.2599945068359,PSA,8.018108729692374,0.037597809885694985
2018-12-31,1.9886503321163769,202.41000366210935,PSA,7.987440215791148,0.03946168702770681
2019-01-31,0.0,212.52000427246097,PSA,7.987440215791148,0.03758441584421795
2019-02-28,0.0,211.4900054931641,PSA,7.987440215791148,0.03776745949372687
2019-03-31,2.013247762843798,217.77999877929688,PSA,8.000740626180484,0.036737720043283746
2019-04-30,0.0,221.17999267578125,PSA,8.000740626180484,0.03617298531114631
2019-05-31,0.0,237.8800048828125,PSA,8.000740626180484,0.033633514637440465
2019-06-30,1.9928120328530399,238.1699981689453,PSA,7.981645652065409,0.033512389106220036
2019-07-31,0.0,242.7599945068359,PSA,7.981645652065409,0.03287875198827562
2019-08-31,0.0,264.739990234375,PSA,7.981645652065409,0.030148998815778597
2019-09-30,2.0136549022583825,245.27000427246097,PSA,8.008365030071598,0.03265122065711474
2019-10-31,0.0,222.86000061035156,PSA,8.008365030071598,0.035934510491514464
2019-11-30,0.0,210.67999267578125,PSA,8.008365030071598,0.03801198646515902
2019-12-31,1.9647020864352114,212.9600067138672,PSA,7.984416784390431,0.03749256448474048
2020-01-31,0.0,223.7599945068359,PSA,7.984416784390431,0.03568295039507836
2020-02-29,0.0,209.1199951171875,PSA,7.984416784390431,0.03818102989107326
2020-03-31,2.1185913636375955,198.61000061035156,PSA,8.08976038518423,0.04073188842617923
2020-04-30,0.0,185.4499969482422,PSA,8.08976038518423,0.04362232687144247
2020-05-31,0.0,202.7400054931641,PSA,8.08976038518423,0.03990214149154197
2020-06-30,2.026172679586697,191.88999938964844,PSA,8.123121031917886,0.042332174984394164
2020-07-31,0.0,199.8800048828125,PSA,8.123121031917886,0.0406399881602984
2020-08-31,0.0,212.3999938964844,PSA,8.123121031917886,0.03824445040180549
2020-09-30,2.0562080945034924,222.72000122070312,PSA,8.165674224162997,0.03666340777392179
2020-10-31,0.0,229.07000732421875,PSA,8.165674224162997,0.035647068420465666
2020-11-30,0.0,224.4600067138672,PSA,8.165674224162997,0.03637919442180307
2020-12-31,2.0521131826812815,230.92999267578125,PSA,8.253085320409067,0.03573847305315663
2021-01-31,0.0,227.6199951171875,PSA,8.253085320409067,0.036258173699371454
2021-02-28,0.0,233.94000244140625,PSA,8.253085320409067,0.035278640823628166
2021-03-31,2.0119033040112546,246.7599945068359,PSA,8.146397260782726,0.033013444002800256
2021-04-30,0.0,281.1600036621094,PSA,8.146397260782726,0.028974239417683494
2021-05-31,0.0,282.4800109863281,PSA,8.146397260782726,0.028838845029558594
2021-06-30,2.005617683619704,300.69000244140625,PSA,8.125842264815732,0.027023985496156193
2021-07-31,0.0,312.4800109863281,PSA,8.125842264815732,0.026004358612145787
2021-08-31,0.0,323.6099853515625,PSA,8.125842264815732,0.025109986195228196
2021-09-30,1.9889014045582614,297.1000061035156,PSA,8.0585355748705,0.027123983202015634
2021-10-31,0.0,332.17999267578125,PSA,8.0585355748705,0.024259545284341974
2021-11-30,0.0,327.3800048828125,PSA,8.0585355748705,0.02461523445133767
2021-12-31,1.9948305494785517,374.55999755859375,PSA,8.001252941667772,0.021361739090720994
2022-01-31,0.0,358.5299987792969,PSA,8.001252941667772,0.022316829746213695
2022-02-28,0.0,355.0199890136719,PSA,8.001252941667772,0.022537471661517185
2022-03-31,1.983592750922387,390.2799987792969,PSA,7.972942388578904,0.02042877527292296
2022-04-30,0.0,371.5,PSA,7.972942388578904,0.021461486914075113
2022-05-31,0.0,330.6400146484375,PSA,7.972942388578904,0.024113664515338123
2022-06-30,2.0160372395647714,312.6700134277344,PSA,7.983361944523971,0.025532867245579724
2022-07-31,13.24987746598498,326.4100036621094,PSA,21.23323941050895,0.06505082311291235
2022-08-31,0.0,330.8299865722656,PSA,21.23323941050895,0.06418172557604847
2022-09-30,1.942462558670952,292.80999755859375,PSA,21.18680056462164,0.0723568209462588
2022-10-31,0.0,309.75,PSA,21.18680056462164,0.06839967898182935
2022-11-30,0.0,297.9599914550781,PSA,21.18680056462164,0.07110619268431502
2022-12-31,2.016704535329646,280.19000244140625,PSA,21.208674550472736,0.07569390187256209
2023-01-31,0.0,304.3399963378906,PSA,21.208674550472736,0.06968743775276255
2023-02-28,0.0,298.95001220703125,PSA,21.208674550472736,0.07094388253707491
2023-03-31,3.0109952855411173,302.1400146484375,PSA,22.236077085091466,0.07359527373745846
2023-04-30,0.0,294.8299865722656,PSA,22.236077085091466,0.07541999829668342
2023-05-31,0.0,283.29998779296875,PSA,22.236077085091466,0.0784895095065844
2023-06-30,3.0034815927552367,291.8800048828125,PSA,23.22352143828193,0.07956530440516468
2023-07-31,0.0,281.75,PSA,9.973643972296951,0.03539891383246478
2023-08-31,0.0,276.3800048828125,PSA,9.973643972296951,0.036086705970375325
2023-09-30,2.9878472676355408,263.5199890136719,PSA,11.019028681261542,0.041814773605997134
2023-10-31,0.0,238.7100067138672,PSA,11.019028681261542,0.04616073214923764
2023-11-30,0.0,258.760009765625,PSA,11.019028681261542,0.042583970727324366
2023-12-31,2.990915004586318,305.0,PSA,11.993239150518214,0.039322095575469555
2024-01-31,0.0,283.19000244140625,PSA,11.993239150518214,0.042350503362136485
2024-02-29,0.0,283.8699951171875,PSA,11.993239150518214,0.04224905540145993
2024-03-31,3.0195229965795134,290.05999755859375,PSA,12.001766861556609,0.041376842593167935
2024-04-30,0.0,259.45001220703125,PSA,12.001766861556609,0.04625849411014733
2024-05-31,0.0,273.8299865722656,PSA,12.001766861556609,0.0438292643248889
2024-06-30,3.0453421692713127,287.6499938964844,PSA,12.043627438072685,0.041869034220827356
2024-07-31,0.0,295.9200134277344,PSA,12.043627438072686,0.040698928398142355
2024-08-31,0.0,343.7200012207031,PSA,12.043627438072686,0.0350390649229035
2024-09-30,3.025649271981805,363.8699951171875,PSA,12.081429442418951,0.03320259874279555
2024-10-31,0.0,329.05999755859375,PSA,12.081429442418951,0.03671497457015474
2024-11-30,0.0,348.04998779296875,PSA,12.081429442418951,0.034711765166345505
2024-12-31,2.9983923210606878,299.44000244140625,PSA,12.088906758893318,0.04037171607109791
2025-01-31,0.0,298.4800109863281,PSA,12.08890675889332,0.040501562295396226
2025-02-28,0.0,303.6199951171875,PSA,12.08890675889332,0.039815911182751296
2025-03-31,2.9245318878359945,299.2900085449219,PSA,11.9939156501498,0.040074560819659225
2025-04-30,0.0,300.42999267578125,PSA,11.9939156501498,0.039922497561997485
2025-05-31,0.0,308.4100036621094,PSA,11.9939156501498,0.038889515604980836
2025-06-30,2.9948567232897934,293.4200134277344,PSA,11.94343020416828,0.040704211224875414
2025-07-31,0.0,271.94000244140625,PSA,11.94343020416828,0.0439193575676373
2025-08-31,0.0,294.5899963378906,PSA,11.94343020416828,0.04054255186068617
2025-09-30,2.9713777515703934,288.8500061035156,PSA,11.889158683756868,0.041160320001849444
2025-10-31,0.0,278.55999755859375,PSA,11.889158683756868,0.0426807825529796
2025-11-30,0.0,274.5400085449219,PSA,11.889158683756868,0.043305741654085704
2025-12-31,3.00450320951435,261.1300048828125,PSA,11.895269572210532,0.0455530553738885
2015-01-31,0.0,68.55999755859375,REG,0.0,0.0
2015-02-28,0.4747193404911114,65.62999725341797,REG,0.4747193404911114,0.0072332677183890685
2015-03-31,0.0,68.04000091552734,REG,0.4747193404911114,0.006977062523565842
2015-04-30,0.0,62.779998779296875,REG,0.4747193404911114,0.0075616334775664385
2015-05-31,0.48487811509359724,63.13999938964844,REG,0.9595974555847087,0.01519793260786808
2015-06-30,0.0,58.97999954223633,REG,0.9595974555847087,0.016269878993429437
2015-07-31,0.0,63.970001220703125,REG,0.9595974555847087,0.01500074155499854
2015-08-31,0.4877992523933879,59.310001373291016,REG,1.4473967079780965,0.024403923022498875
2015-09-30,0.0,62.150001525878906,REG,1.4473967079780965,0.02328876383656095
2015-10-31,0.0,67.95999908447266,REG,1.4473967079780965,0.021297774094714405
2015-11-30,0.4917146165132667,67.37999725341797,REG,1.9391113244913631,0.0287787385505273
2015-12-31,0.0,68.12000274658203,REG,1.9391113244913631,0.02846610755001268
2016-01-31,0.0,72.38999938964844,REG,1.9391113244913631,0.026787005675381323
2016-02-29,0.4997286650056104,70.58000183105469,REG,1.9641206490058623,0.027828288439370137
2016-03-31,0.0,74.8499984741211,REG,1.9641206490058623,0.02624075736868511
2016-04-30,0.0,73.69999694824219,REG,1.9641206490058623,0.026650213437392933
2016-05-31,0.5069999479594696,76.5999984741211,REG,1.9862424818717346,0.025930059026603978
2016-06-30,0.0,83.7300033569336,REG,1.9862424818717346,0.023721992144256326
2016-07-31,0.0,84.93000030517578,REG,1.9862424818717346,0.02338681825897379
2016-08-31,0.5006476065722478,80.54000091552734,REG,1.9990908360505946,0.024821092790243426
2016-09-30,0.0,77.48999786376953,REG,1.9990908360505946,0.025798049956912827
2016-10-31,0.0,72.06999969482422,REG,1.9990908360505946,0.027738182940413712
2016-11-30,0.5126230964984833,66.83999633789062,REG,2.019999316035811,0.030221415719777694
2016-12-31,0.0,68.94999694824219,REG,2.019999316035811,0.029296583110107143
2017-01-31,0.0,69.7300033569336,REG,2.019999316035811,0.028968868762214862
2017-02-28,0.5100675459442305,70.3499984741211,REG,2.030338196974431,0.028860529367620524
2017-03-31,0.0,66.38999938964844,REG,2.030338196974431,0.03058198848682325
2017-04-30,0.0,63.18000030517578,REG,2.030338196974431,0.03213577377599511
2017-05-31,0.5346959722968931,60.86000061035156,REG,2.0580342213118548,0.03381587579152616
2017-06-30,0.0,62.63999938964844,REG,2.0580342213118548,0.03285495276763931
2017-07-31,0.0,66.22000122070312,REG,2.0580342213118548,0.031078740310690717
2017-08-31,0.5410116218918929,64.31999969482422,REG,2.0983982366314997,0.03262435084868877
2017-09-30,0.0,62.040000915527344,REG,2.0983982366314997,0.033823310858564375
2017-10-31,0.0,61.54999923706055,REG,2.0983982366314997,0.03409257940929445
2017-11-30,0.5318237526955695,67.80999755859375,REG,2.1175988928285863,0.031228417181386803
2017-12-31,0.0,69.18000030517578,REG,2.1175988928285863,0.030609986751765822
2018-01-31,0.0,62.90999984741211,REG,2.1175988928285863,0.03366076773112084
2018-02-28,0.5623310110857903,58.11000061035156,REG,2.1698623579701457,0.03734060119048789
2018-03-31,0.0,58.97999954223633,REG,2.1698623579701457,0.03678979950510647
2018-04-30,0.0,58.849998474121094,REG,2.1698623579701457,0.036871069060848465
2018-05-31,0.5477606016258663,58.08000183105469,REG,2.182926987299119,0.037584829863623284
2018-06-30,0.0,62.08000183105469,REG,2.182926987299119,0.03516312697992124
2018-07-31,0.0,63.630001068115234,REG,2.182926987299119,0.03430656845286423
2018-08-31,0.5646658307640645,66.02999877929688,REG,2.2065811961712907,0.0334178591089592
2018-09-30,0.0,64.66999816894531,REG,2.2065811961712907,0.03412063180219628
2018-10-31,0.0,63.36000061035156,REG,2.2065811961712907,0.03482609177580699
2018-11-30,0.555580391063819,63.65999984741211,REG,2.23033783453954,0.03503515299851524
2018-12-31,0.0,58.68000030517578,REG,2.23033783453954,0.03800848369018867
2019-01-31,0.0,65.0,REG,2.23033783453954,0.03431288976214677
2019-02-28,0.5858253107390022,65.25,REG,2.253832134192752,0.034541488646632215
2019-03-31,0.0,67.48999786376953,REG,2.253832134192752,0.03339505416405815
2019-04-30,0.0,67.16999816894531,REG,2.253832134192752,0.03355414910871273
2019-05-31,0.5917326123291486,65.95999908447266,REG,2.297804144896034,0.034836327725737484
2019-06-30,0.0,66.73999786376953,REG,2.297804144896034,0.03442919116638779
2019-07-31,0.0,66.69999694824219,REG,2.297804144896034,0.03444983883101348
2019-08-31,0.5846778811978246,64.51000213623047,REG,2.3178161953297947,0.0359295631464264
2019-09-30,0.0,69.48999786376953,REG,2.3178161953297947,0.033354673572932286
2019-10-31,0.0,67.23999786376953,REG,2.3178161953297947,0.034470795195826257
2019-11-30,0.5820635331380267,65.04000091552734,REG,2.344299337404002,0.036043962244845774
2019-12-31,0.0,63.09000015258789,REG,2.344299337404002,0.0371580176214002
2020-01-31,0.0,62.040000915527344,REG,2.344299337404002,0.037786900432125424
2020-02-29,0.5970256033725794,57.439998626708984,REG,2.3554996300375795,0.04100800289612642
2020-03-31,0.0,38.43000030517578,REG,2.3554996300375795,0.06129325035993661
2020-04-30,0.0,43.90999984741211,REG,2.3554996300375795,0.05364380865914314
2020-05-31,0.6098273748885568,42.790000915527344,REG,2.3735943925969876,0.05547077218536992
2020-06-30,0.0,45.88999938964844,REG,2.3735943925969876,0.05172356557347018
2020-07-31,0.0,41.029998779296875,REG,2.3735943925969876,0.057850218455153056
2020-08-31,0.586921047922797,39.709999084472656,REG,2.37583755932196,0.05982970571890435
2020-09-30,0.0,38.02000045776367,REG,2.37583755932196,0.062489151255041994
2020-10-31,0.0,35.59000015258789,REG,2.37583755932196,0.06675576142556447
2020-11-30,0.0,45.58000183105469,REG,1.793774026183933,0.03935440882237513
2020-12-31,0.6155024819611564,45.59000015258789,REG,2.4092765081450898,0.05284660013339194
2021-01-31,0.0,47.18000030517578,REG,2.4092765081450898,0.0510656314658986
2021-02-28,0.0,54.779998779296875,REG,1.8122509047725104,0.033082346570942577
2021-03-31,0.6027951364736603,56.709999084472656,REG,2.4150460412461707,0.04258589455536452
2021-04-30,0.0,63.65999984741211,REG,2.4150460412461707,0.03793663284691865
2021-05-31,0.0,64.5999984741211,REG,1.805218666357614,0.02794456205878687
2021-06-30,0.588256680410984,64.06999969482422,REG,2.393475346768598,0.03735719304150317
2021-07-31,0.0,65.41000366210938,REG,2.393475346768598,0.03659188522802495
2021-08-31,0.0,68.62000274658203,REG,1.8065542988458008,0.026326934225250894
2021-09-30,0.5954215988380552,67.33000183105469,REG,2.401975897683856,0.035674674474403326
2021-10-31,0.0,70.41000366210938,REG,2.401975897683856,0.03411412828794471
2021-11-30,0.0,69.33999633789062,REG,2.401975897683856,0.034640554146832335
2021-12-31,0.6301267998985854,75.3499984741211,REG,2.416600215621285,0.03207166907178193
2022-01-31,0.0,71.75,REG,2.416600215621285,0.033680839242108504
2022-02-28,0.0,65.88999938964844,REG,2.416600215621285,0.03667628225841116
2022-03-31,0.6155108640971809,71.33999633789062,REG,2.4293159432448057,0.0340526502375853
2022-04-30,0.0,68.83000183105469,REG,2.4293159432448057,0.03529443380239383
2022-05-31,0.0,68.20999908447266,REG,2.4293159432448057,0.03561524667719598
2022-06-30,0.6247258815096032,59.310001373291016,REG,2.4657851443434247,0.041574525160166964
2022-07-31,0.0,64.43000030517578,REG,2.4657851443434247,0.0382707610222585
2022-08-31,0.0,60.84000015258789,REG,2.4657851443434247,0.04052901279025622
2022-09-30,0.6226172139824373,53.849998474121094,REG,2.492980759487807,0.04629490863747877
2022-10-31,0.0,60.5099983215332,REG,2.492980759487807,0.041199484856053126
2022-11-30,0.0,66.43000030517578,REG,2.492980759487807,0.03752793539116649
2022-12-31,0.6356715191388502,62.5,REG,2.4985254787280717,0.039976407659649146
2023-01-31,0.0,66.62999725341797,REG,2.4985254787280717,0.037498507905159836
2023-02-28,0.0,62.900001525878906,REG,2.4985254787280717,0.039722184707739715
2023-03-31,0.6721175807969257,61.18000030517578,REG,2.5551321954278166,0.04176417428379212
2023-04-30,0.0,61.43000030517578,REG,2.5551321954278166,0.04159420776060999
2023-05-31,0.0,56.27000045776367,REG,2.5551321954278166,0.045408426775217496
2023-06-30,0.6514189715509746,61.77000045776367,REG,2.5818252854691877,0.04179739786847753
2023-07-31,0.0,65.52999877929688,REG,2.5818252854691877,0.039399135259634295
2023-08-31,0.0,62.20000076293945,REG,2.5818252854691877,0.04150844459486749
2023-09-30,0.6434742418082557,59.439998626708984,REG,2.6026823132950065,0.04378671556909337
2023-10-31,0.0,60.2599983215332,REG,2.6026823132950065,0.043190879286250636
2023-11-30,0.0,62.779998779296875,REG,2.6026823132950065,0.041457189612964754
2023-12-31,0.7025574354349924,67.0,REG,2.6695682295911483,0.03984430193419624
2024-01-31,0.0,62.66999816894531,REG,2.6695682295911483,0.04259722846001281
2024-02-29,0.0,61.95000076293945,REG,2.6695682295911483,0.04309230341750331
2024-03-31,0.6637711810063894,60.560001373291016,REG,2.661221829800612,0.04394355629876686
2024-04-30,0.0,59.220001220703125,REG,2.661221829800612,0.04493788880352568
2024-05-31,0.0,61.400001525878906,REG,2.661221829800612,0.04334237400106511
2024-06-30,0.6776015089691995,62.20000076293945,REG,2.687404367218837,0.04320585746391292
2024-07-31,0.0,67.33999633789062,REG,2.687404367218837,0.03990799693148629
2024-08-31,0.0,72.69000244140625,REG,2.687404367218837,0.03697075632078967
2024-09-30,0.6754522605031645,72.2300033569336,REG,2.719382385913746,0.037648930631715156
2024-10-31,0.0,71.44000244140625,REG,2.719382385913746,0.038065261659868115
2024-11-30,0.0,75.58999633789062,REG,2.719382385913746,0.03597542687736068
2024-12-31,0.7119456503763455,73.93000030517578,REG,2.728770600855099,0.03691019328541866
2025-01-31,0.0,71.83999633789062,REG,2.728770600855099,0.03798400250496479
2025-02-28,0.0,76.69999694824219,REG,2.728770600855099,0.035577193082504247
2025-03-31,0.6952984046237661,73.76000213623047,REG,2.7602978244724756,0.03742269176422155
2025-04-30,0.0,72.18000030517578,REG,2.7602978244724756,0.03824186495985016
2025-05-31,0.0,72.1500015258789,REG,2.7602978244724756,0.03825776529585251
2025-06-30,0.6956292965465509,71.2300033569336,REG,2.7783256120498274,0.03900499060947163
2025-07-31,0.0,71.4000015258789,REG,2.7783256120498274,0.03891212258647956
2025-08-31,0.0,72.5,REG,2.7783256120498274,0.03832173257999762
2025-09-30,0.7134391147899282,72.9000015258789,REG,2.8163124663365906,0.03863254331122096
2025-10-31,0.0,68.94999694824219,REG,2.8163124663365906,0.04084572285696656
2025-11-30,0.0,71.16000366210938,REG,2.8163124663365906,0.039577182706585425
2025-12-31,0.7690279626763421,69.5999984741211,REG,2.8733947786365874,0.041284408644132124
2015-01-31,0.0,198.66000366210935,SPG,0.0,0.0
2015-02-28,1.393287426297728,190.36000061035156,SPG,1.393287426297728,0.007319223691061296
2015-03-31,0.0,195.63999938964844,SPG,1.393287426297728,0.007121689995115838
2015-04-30,0.0,181.4900054931641,SPG,1.393287426297728,0.007676937484858949
2015-05-31,1.4869548070512195,181.3999938964844,SPG,2.8802422333489472,0.01587785187574236
2015-06-30,0.0,173.02000427246094,SPG,2.8802422333489472,0.016646874131463575
2015-07-31,0.0,187.22000122070312,SPG,2.8802422333489472,0.015384265647737027
2015-08-31,1.552314225794352,179.32000732421875,SPG,4.432556459143299,0.024718694390464948
2015-09-30,0.0,183.72000122070312,SPG,4.432556459143299,0.02412669513222168
2015-10-31,0.0,201.4600067138672,SPG,4.432556459143299,0.022002165747164106
2015-11-30,1.5926842180846035,186.2400054931641,SPG,6.025240677227903,0.032352021582436316
2015-12-31,0.0,194.44000244140625,SPG,6.025240677227903,0.03098765995461035
2016-01-31,0.0,186.27999877929688,SPG,6.025240677227903,0.032345075782218374
2016-02-29,1.6349423534419811,189.72999572753903,SPG,6.266895604372157,0.03303060003949879
2016-03-31,0.0,207.69000244140625,SPG,6.266895604372157,0.03017427671387399
2016-04-30,0.0,201.1699981689453,SPG,6.266895604372157,0.03115223771642694
2016-05-31,1.552967159916698,197.63999938964844,SPG,6.332907957237635,0.03204264307222684
2016-06-30,0.0,216.8999938964844,SPG,6.332907957237635,0.029197363464473023
2016-07-31,0.0,227.0399932861328,SPG,6.332907957237635,0.027893358635086067
2016-08-31,1.6540193875391516,215.47000122070312,SPG,6.434613118982434,0.029863150705566402
2016-09-30,0.0,207.0099945068359,SPG,6.434613118982434,0.031083586733634493
2016-10-31,0.0,185.9600067138672,SPG,6.434613118982434,0.03460213425827221
2016-11-30,1.6922191095178483,179.64999389648438,SPG,6.534148010415679,0.036371545963874076
2016-12-31,0.0,177.6699981689453,SPG,6.534148010415679,0.036776878920223764
2017-01-31,0.0,183.77000427246097,SPG,6.534148010415679,0.03555611829190592
2017-02-28,1.768112050186404,184.3999938964844,SPG,6.667317707160102,0.03615682173451099
2017-03-31,0.0,172.02999877929688,SPG,6.667317707160102,0.038756715424464024
2017-04-30,0.0,165.25999450683594,SPG,6.667317707160102,0.04034441443046466
2017-05-31,1.754818812702729,154.25,SPG,6.869169359946134,0.04453270249559892
2017-06-30,0.0,161.75999450683594,SPG,6.869169359946133,0.04246519283638974
2017-07-31,0.0,158.5,SPG,6.869169359946133,0.04333860794918696
2017-08-31,1.7880896463548406,156.85000610351562,SPG,7.003239618761822,0.04464927858619224
2017-09-30,0.0,161.00999450683594,SPG,7.003239618761822,0.04349568261406585
2017-10-31,0.0,155.3300018310547,SPG,7.003239618761822,0.04508620058074115
2017-11-30,1.8583496401837458,161.75,SPG,7.169370149427719,0.04432377217575097
2017-12-31,0.0,171.74000549316406,SPG,7.169370149427719,0.041745486899457965
2018-01-31,0.0,163.3699951171875,SPG,7.169370149427719,0.04388425270065677
2018-02-28,1.9580662118820915,153.50999450683594,SPG,7.359324311123407,0.04794035941937116
2018-03-31,0.0,154.35000610351562,SPG,7.359324311123407,0.04767945591260837
2018-04-30,0.0,156.33999633789062,SPG,7.359324311123407,0.04707256289822362
2018-05-31,1.9705266172045135,160.22000122070312,SPG,7.575032115625191,0.047278941816949444
2018-06-30,0.0,170.19000244140625,SPG,7.575032115625191,0.04450926615523821
2018-07-31,0.0,176.2100067138672,SPG,7.575032115625191,0.04298866027470084
2018-08-31,2.018877216140671,183.02999877929688,SPG,7.805819685411022,0.04264776122751067
2018-09-30,0.0,176.75,SPG,7.805819685411022,0.04416305338280635
2018-10-31,0.0,183.52000427246097,SPG,7.805819685411022,0.042533890059321254
2018-11-30,1.967833820720074,185.69000244140625,SPG,7.915303865947349,0.04262644063696963
2018-12-31,0.0,167.99000549316406,SPG,7.915303865947349,0.04711770704876513
2019-01-31,0.0,182.1199951171875,SPG,7.915303865947349,0.04346202546762722
2019-02-28,2.0663363174433194,181.16000366210935,SPG,8.023573971508577,0.044289985699457975
2019-03-31,0.0,182.2100067138672,SPG,8.023573971508577,0.0440347603087923
2019-04-30,0.0,173.6999969482422,SPG,8.023573971508577,0.04619213651396541
2019-05-31,2.0541439548117464,162.08999633789062,SPG,8.10719130911581,0.05001660492493114
2019-06-30,0.0,159.75999450683594,SPG,8.10719130911581,0.05074606652398773
2019-07-31,0.0,162.1999969482422,SPG,8.10719130911581,0.0499826847204122
2019-08-31,2.070196132322937,148.94000244140625,SPG,8.158510225298077,0.054777159202126884
2019-09-30,0.0,155.64999389648438,SPG,8.158510225298077,0.05241574394615091
2019-10-31,0.0,150.67999267578125,SPG,8.158510225298077,0.054144615223421046
2019-11-30,2.11836883249726,151.2100067138672,SPG,8.309045237075264,0.05495036616722309
2019-12-31,0.0,148.9600067138672,SPG,8.309045237075264,0.05578037635991692
2020-01-31,0.0,133.14999389648438,SPG,8.309045237075264,0.062403647149507316
2020-02-29,2.1243776813340625,123.08000183105467,SPG,8.367086600966006,0.06798087809952309
2020-03-31,0.0,54.86000061035156,SPG,8.367086600966006,0.15251707086906624
2020-04-30,0.0,66.7699966430664,SPG,8.367086600966006,0.12531207161345378
2020-05-31,0.0,57.70000076293945,SPG,6.31294264615426,0.10940974978650339
2020-06-30,0.0,68.37999725341797,SPG,6.31294264615426,0.09232148142326385
2020-07-31,1.231573427309772,62.349998474121094,SPG,7.544516073464032,0.12100266652926141
2020-08-31,0.0,67.8499984741211,SPG,5.474319941141094,0.08068268333460721
2020-09-30,0.0,64.68000030517578,SPG,5.474319941141094,0.08463698075621424
2020-10-31,1.306347702517579,62.810001373291016,SPG,6.780667643658673,0.10795522202523064
2020-11-30,0.0,82.56999969482422,SPG,4.662298811161413,0.05646480354115422
2020-12-31,1.3194048913290017,85.27999877929688,SPG,5.981703702490416,0.07014192997318115
2021-01-31,0.0,92.93000030517578,SPG,5.981703702490416,0.06436784335356621
2021-02-28,0.0,112.91999816894533,SPG,3.8573260211563527,0.034159812997740326
2021-03-31,0.0,113.7699966430664,SPG,3.8573260211563527,0.03390459818029214
2021-04-30,1.2845108041785724,121.73999786376952,SPG,5.141836825334925,0.042236215833425475
2021-05-31,0.0,128.49000549316406,SPG,5.141836825334925,0.04001740684498984
2021-06-30,0.0,130.47999572753906,SPG,5.141836825334925,0.03940708916079226
2021-07-31,1.4266999995076535,126.5199966430664,SPG,5.336963397532807,0.042182765879999605
2021-08-31,0.0,134.4499969482422,SPG,5.336963397532807,0.03969478258588077
2021-09-30,1.4894307860634606,129.97000122070312,SPG,6.826394183596268,0.05252284465246955
2021-10-31,0.0,146.5800018310547,SPG,5.520046481078689,0.03765893308857363
2021-11-30,0.0,152.83999633789062,SPG,5.520046481078689,0.03611650492895368
2021-12-31,1.6122793634103103,159.77000427246094,SPG,5.812920953159996,0.03638305562818309
2022-01-31,0.0,147.1999969482422,SPG,5.812920953159997,0.039489952946153324
2022-02-28,0.0,137.55999755859375,SPG,5.812920953159997,0.042257349929684176
2022-03-31,1.6859922850650981,131.55999755859375,SPG,7.498913238225096,0.056999949660878145
2022-04-30,0.0,118.0,SPG,6.214402434046523,0.052664427407173926
2022-05-31,0.0,114.6500015258789,SPG,6.214402434046523,0.054203247722101444
2022-06-30,1.6583510787242095,94.91999816894533,SPG,7.872753512770732,0.08294093620564813
2022-07-31,0.0,108.63999938964844,SPG,6.446053513263078,0.05933407169990539
2022-08-31,0.0,101.9800033569336,SPG,6.446053513263078,0.06320899491149912
2022-09-30,1.7642859461428895,89.75,SPG,6.720908673342507,0.07488477630465189
2022-10-31,0.0,108.9800033569336,SPG,6.720908673342507,0.06167102648483177
2022-11-30,0.0,119.44000244140624,SPG,6.720908673342507,0.05627016523747634
2022-12-31,1.7980000518192998,117.4800033569336,SPG,6.906629361751497,0.058789829455208914
2023-01-31,0.0,128.4600067138672,SPG,6.906629361751497,0.0537648217404766
2023-02-28,0.0,122.08999633789062,SPG,6.906629361751497,0.05656998582125459
2023-03-31,1.753919710363077,111.97000122070312,SPG,6.974556787049476,0.06228951246773666
2023-04-30,0.0,113.31999969482422,SPG,6.974556787049476,0.061547447986518414
2023-05-31,0.0,105.1500015258789,SPG,6.974556787049476,0.06632959282775605
2023-06-30,1.8309815872829833,115.4800033569336,SPG,7.14718729560825,0.061891124764841134
2023-07-31,0.0,124.5999984741211,SPG,7.14718729560825,0.05736105443927988
2023-08-31,0.0,113.48999786376952,SPG,7.14718729560825,0.06297636294070205
2023-09-30,1.9100094956202,108.02999877929688,SPG,7.292910845085561,0.06750820075435557
2023-10-31,0.0,109.88999938964844,SPG,7.292910845085561,0.06636555542444154
2023-11-30,0.0,124.88999938964844,SPG,7.292910845085561,0.05839467435925087
2023-12-31,1.922229184270617,142.63999938964844,SPG,7.417139977536877,0.05199901857315311
2024-01-31,0.0,138.61000061035156,SPG,7.417139977536877,0.05351085740477918
2024-02-29,0.0,148.13999938964844,SPG,7.417139977536877,0.050068448819334636
2024-03-31,1.9413028779370232,156.49000549316406,SPG,7.604523145110824,0.04859430556696486
2024-04-30,0.0,140.52999877929688,SPG,7.604523145110823,0.05411316595151878
2024-05-31,0.0,151.30999755859375,SPG,7.604523145110823,0.05025790276789889
2024-06-30,2.000154487244595,151.8000030517578,SPG,7.773696045072436,0.05121011784447667
2024-07-31,0.0,153.44000244140625,SPG,7.773696045072436,0.050662773210271274
2024-08-31,0.0,167.35000610351562,SPG,7.773696045072436,0.04645172250704285
2024-09-30,2.0434420553517207,169.02000427246094,SPG,7.907128604803956,0.04678220568529647
2024-10-31,0.0,169.1199951171875,SPG,7.907128604803956,0.04675454608028405
2024-11-30,0.0,183.6000061035156,SPG,7.907128604803956,0.043067147831933265
2024-12-31,2.104257570952131,172.2100067138672,SPG,8.08915699148547,0.046972630370579346
2025-01-31,0.0,173.86000061035156,SPG,8.08915699148547,0.04652684322493811
2025-02-28,0.0,186.08999633789065,SPG,8.08915699148547,0.043469058792379583
2025-03-31,2.0539037372527726,166.0800018310547,SPG,8.201757850801219,0.04938437957837018
2025-04-30,0.0,157.3800048828125,SPG,8.201757850801219,0.05211435758251736
2025-05-31,0.0,163.07000732421875,SPG,8.201757850801219,0.05029593108740306
2025-06-30,2.105506830879017,160.75999450683594,SPG,8.30711019443564,0.05167398904136191
2025-07-31,0.0,163.7899932861328,SPG,8.30711019443564,0.05071805687129824
2025-08-31,0.0,180.66000366210935,SPG,8.30711019443564,0.04598201055045107
2025-09-30,2.137935714276386,187.6699981689453,SPG,8.401603853360307,0.044767964700447055
2025-10-31,0.0,175.75999450683594,SPG,8.401603853360307,0.047801570982829875
2025-11-30,0.0,186.32000732421875,SPG,8.401603853360307,0.04509233320681727
2025-12-31,2.234447834469191,186.8300018310547,SPG,8.531794116877366,0.04566608164245717
2015-01-31,0.0,199.4499969482422,SPY,0.0,0.0
2015-02-28,0.0,210.66000366210935,SPY,0.0,0.0
2015-03-31,0.9392382688182132,206.42999267578125,SPY,0.9392382688182132,0.004549911844900271
2015-04-30,0.0,208.4600067138672,SPY,0.9392382688182132,0.004505604137811501
2015-05-31,0.0,211.13999938964844,SPY,0.9392382688182132,0.004448414661046273
2015-06-30,1.0254774331418437,205.8500061035156,SPY,1.9647157019600567,0.009544404390117249
2015-07-31,0.0,210.5,SPY,1.9647157019600567,0.009333566280095282
2015-08-31,0.0,197.6699981689453,SPY,1.9647157019600567,0.009939372287952603
2015-09-30,1.0161902001452903,191.6300048828125,SPY,2.980905902105347,0.015555527976572668
2015-10-31,0.0,207.92999267578125,SPY,2.980905902105347,0.014336103530544438
2015-11-30,0.0,208.69000244140625,SPY,2.980905902105347,0.014283894135955525
2015-12-31,1.1904376756067683,203.8699951171875,SPY,4.171343577712115,0.020460801871871163
2016-01-31,0.0,193.72000122070312,SPY,4.171343577712115,0.021532849222728155
2016-02-29,0.0,193.55999755859375,SPY,4.171343577712115,0.021550649051074622
2016-03-31,1.054108741576501,205.52000427246097,SPY,4.286214050470403,0.020855459134713254
2016-04-30,0.0,206.3300018310547,SPY,4.286214050470403,0.020773586063261917
2016-05-31,0.0,209.83999633789065,SPY,4.286214050470403,0.020426106201263047
2016-06-30,1.0739491897985636,209.47999572753903,SPY,4.334685807127123,0.020692600226921185
2016-07-31,0.0,217.1199951171875,SPY,4.334685807127123,0.01996447082078984
2016-08-31,0.0,217.3800048828125,SPY,4.334685807127123,0.019940591175641526
2016-09-30,1.0777997037097515,216.3000030517578,SPY,4.396295310691584,0.020324989591607202
2016-10-31,0.0,212.5500030517578,SPY,4.396295310691584,0.020683581498801704
2016-11-30,0.0,220.3800048828125,SPY,4.396295310691584,0.019948703209391988
2016-12-31,1.3265096157286709,223.52999877929688,SPY,4.532367250813487,0.0202763265582466
2017-01-31,0.0,227.52999877929688,SPY,4.532367250813487,0.019919866721442143
2017-02-28,0.0,236.47000122070312,SPY,4.532367250813487,0.019166774759658924
2017-03-31,1.031174987312272,235.7400054931641,SPY,4.509433496549258,0.019128842756729388
2017-04-30,0.0,238.0800018310547,SPY,4.509433496549258,0.018940832753139944
2017-05-31,0.0,241.44000244140625,SPY,4.509433496549258,0.018677242590086653
2017-06-30,1.183252650350907,241.8000030517578,SPY,4.618736957101602,0.019101476008306546
2017-07-31,0.0,246.77000427246097,SPY,4.618736957101602,0.018716768153077525
2017-08-31,0.0,247.4900054931641,SPY,4.618736957101602,0.018662317081847474
2017-09-30,1.2367022592293049,251.22999572753903,SPY,4.777639512621155,0.01901699476125671
2017-10-31,0.0,257.1499938964844,SPY,4.777639512621155,0.018579193568032483
2017-11-30,0.0,265.010009765625,SPY,4.777639512621155,0.018028147377702836
2017-12-31,1.3622565526877521,266.8599853515625,SPY,4.813386449580236,0.018037123262369437
2018-01-31,0.0,281.8999938964844,SPY,4.813386449580236,0.017074801538831338
2018-02-28,0.0,271.6499938964844,SPY,4.813386449580236,0.017719074388841828
2018-03-31,1.098258282751094,263.1499938964844,SPY,4.880469745019058,0.018546341851479936
2018-04-30,0.0,264.510009765625,SPY,4.880469745019058,0.018450983194713527
2018-05-31,0.0,270.94000244140625,SPY,4.880469745019058,0.01801310142851465
2018-06-30,1.2443899672109608,271.2799987792969,SPY,4.941607061879112,0.01821589164005938
2018-07-31,0.0,281.3299865722656,SPY,4.941607061879112,0.017565162967829433
2018-08-31,0.0,290.30999755859375,SPY,4.941607061879112,0.017021828746637425
2018-09-30,1.321730403458773,290.7200012207031,SPY,5.02663520610858,0.0172902971415873
2018-10-31,0.0,270.6300048828125,SPY,5.02663520610858,0.018573828161756123
2018-11-30,0.0,275.6499938964844,SPY,5.02663520610858,0.018235571621293946
2018-12-31,1.4056380919651101,249.9199981689453,SPY,5.070016745385939,0.020286558828952212
2019-01-31,0.0,269.92999267578125,SPY,5.070016745385939,0.01878270989869453
2019-02-28,0.0,278.67999267578125,SPY,5.070016745385939,0.018192969996538074
2019-03-31,1.23907509402788,282.4800109863281,SPY,5.210833556662724,0.01844673376522534
2019-04-30,0.0,294.0199890136719,SPY,5.210833556662724,0.017722718697266604
2019-05-31,0.0,275.2699890136719,SPY,5.210833556662724,0.01892990069616313
2019-06-30,1.4299169604771023,293.0,SPY,5.396360549928866,0.018417612798392033
2019-07-31,0.0,297.42999267578125,SPY,5.396360549928866,0.018143296516203267
2019-08-31,0.0,292.45001220703125,SPY,5.396360549928866,0.018452249357776306
2019-09-30,1.3776013100862852,296.7699890136719,SPY,5.452231456556378,0.01837190975636421
2019-10-31,0.0,303.3299865722656,SPY,5.452231456556378,0.01797458773584666
2019-11-30,0.0,314.30999755859375,SPY,5.452231456556378,0.017346668890288706
2019-12-31,1.5769380078337385,321.8599853515625,SPY,5.623531372425005,0.017471980452253212
2020-01-31,0.0,321.7300109863281,SPY,5.623531372425006,0.01747903888476222
2020-02-29,0.0,296.260009765625,SPY,5.623531372425006,0.018981743019835354
2020-03-31,1.3454352894307935,257.75,SPY,5.72989156782792,0.02223042315355158
2020-04-30,0.0,290.4800109863281,SPY,5.72989156782792,0.01972559677470408
2020-05-31,0.0,304.32000732421875,SPY,5.72989156782792,0.01882850759044365
2020-06-30,1.3581792547224891,308.3599853515625,SPY,5.658153862073306,0.018349183197756417
2020-07-31,0.0,326.5199890136719,SPY,5.658153862073306,0.01732865996708211
2020-08-31,0.0,349.30999755859375,SPY,5.658153862073306,0.016198087376884194
2020-09-30,1.323571133967176,334.8900146484375,SPY,5.604123685954197,0.0167342215080295
2020-10-31,0.0,326.5400085449219,SPY,5.604123685954197,0.01716213492774268
2020-11-30,0.0,362.05999755859375,SPY,5.604123685954197,0.015478439274549399
2020-12-31,1.573628776068447,373.8800048828125,SPY,5.600814454188906,0.014980246017554225
2021-01-31,0.0,370.0700073242187,SPY,5.600814454188906,0.015134472784448124
2021-02-28,0.0,380.3599853515625,SPY,5.600814454188906,0.01472503593934082
2021-03-31,1.2756559833889225,396.3299865722656,SPY,5.531035148147035,0.013955631255619168
2021-04-30,0.0,417.2999877929687,SPY,5.531035148147035,0.013254338149875764
2021-05-31,0.0,420.0400085449219,SPY,5.531035148147035,0.013167876953691447
2021-06-30,1.3573754257463297,428.05999755859375,SPY,5.530231319170875,0.01291929017126597
2021-07-31,0.0,438.510009765625,SPY,5.530231319170875,0.012611414097768659
2021-08-31,0.0,451.55999755859375,SPY,5.530231319170875,0.012246946915295084
2021-09-30,1.4140674356593195,429.1400146484375,SPY,5.620727620863019,0.013097654446108139
2021-10-31,0.0,459.25,SPY,5.620727620863019,0.012238927862521544
2021-11-30,0.0,455.55999755859375,SPY,5.620727620863019,0.012338062277164899
2021-12-31,1.6156703327452488,474.9599914550781,SPY,5.662769177539821,0.011922623546020103
2022-01-31,0.0,449.9100036621094,SPY,5.662769177539821,0.012586448692953856
2022-02-28,0.0,436.6300048828125,SPY,5.662769177539821,0.012969262566047555
2022-03-31,1.3809766953740459,451.6400146484375,SPY,5.768089889524944,0.012771432340898538
2022-04-30,0.0,412.0,SPY,5.768089889524944,0.014000218178458602
2022-05-31,0.0,412.9299926757813,SPY,5.768089889524944,0.013968687166916096
2022-06-30,1.5803657642463447,377.25,SPY,5.991080228024959,0.015880928371172855
2022-07-31,0.0,411.989990234375,SPY,5.991080228024959,0.0145418101653798
2022-08-31,0.0,395.1799926757813,SPY,5.991080228024959,0.015160383468452157
2022-09-30,1.5837065472732121,357.17999267578125,SPY,6.1607193396388515,0.017248220689760323
2022-10-31,0.0,386.2099914550781,SPY,6.1607193396388515,0.01595173474520385
2022-11-30,0.0,407.6799926757813,SPY,6.1607193396388515,0.015111654852629308
2022-12-31,1.7599541189489243,382.4299926757813,SPY,6.305003125842527,0.016486685789803675
2023-01-31,0.0,406.4800109863281,SPY,6.305003125842527,0.015511225534912207
2023-02-28,0.0,396.260009765625,SPY,6.305003125842527,0.015911277874271827
2023-03-31,1.488402779113492,409.3900146484375,SPY,6.412429209581973,0.015663374728591334
2023-04-30,0.0,415.9299926757813,SPY,6.412429209581973,0.01541708778520447
2023-05-31,0.0,417.8500061035156,SPY,6.412429209581973,0.015346246538030196
2023-06-30,1.6323801570701384,443.2799987792969,SPY,6.464443602405766,0.014583206145568335
2023-07-31,0.0,457.7900085449219,SPY,6.464443602405767,0.014120980103853504
2023-08-31,0.0,450.3500061035156,SPY,6.464443602405767,0.014354265604073015
2023-09-30,1.5638878964759912,427.4800109863281,SPY,6.444624951608546,0.015075851001170348
2023-10-31,0.0,418.2000122070313,SPY,6.444624951608546,0.015410389200127791
2023-11-30,0.0,456.3999938964844,SPY,6.444624951608546,0.014120563185349745
2023-12-31,1.9028271349635102,475.30999755859375,SPY,6.587497967623132,0.013859371781488898
2024-01-31,0.0,482.8800048828125,SPY,6.587497967623132,0.013642101352326269
2024-02-29,0.0,508.0799865722656,SPY,6.587497967623132,0.012965474220044236
2024-03-31,1.5841322613901585,523.0700073242188,SPY,6.683227449899799,0.012776927287588254
2024-04-30,0.0,501.9800109863281,SPY,6.683227449899799,0.01331373222764008
2024-05-31,0.0,527.3699951171875,SPY,6.683227449899799,0.012672748756619555
2024-06-30,1.7567489483942578,544.219970703125,SPY,6.8075962412239175,0.012508905603792145
2024-07-31,0.0,550.8099975585938,SPY,6.8075962412239175,0.012359245967571137
2024-08-31,0.0,563.6799926757812,SPY,6.8075962412239175,0.012077058490063398
2024-09-30,1.743026229724424,573.760009765625,SPY,6.98673457447235,0.012177102718131851
2024-10-31,0.0,568.6400146484375,SPY,6.98673457447235,0.012286744503536052
2024-11-30,0.0,602.5499877929688,SPY,6.98673457447235,0.01159527792882959
2024-12-31,1.9895961362037244,586.0800170898438,SPY,7.073503575712564,0.01206917719330503
2025-01-31,0.0,601.8200073242188,SPY,7.073503575712564,0.011753520138292532
2025-02-28,0.0,594.1799926757812,SPY,7.073503575712564,0.011904647855708387
2025-03-31,1.6965144247035338,559.3900146484375,SPY,7.18588573902594,0.012845931373197799
2025-04-30,0.0,554.5399780273438,SPY,7.18588573902594,0.012958282583319198
2025-05-31,0.0,589.3900146484375,SPY,7.18588573902594,0.012192072414583094
2025-06-30,1.7568637547592045,617.8499755859375,SPY,7.186000545390887,0.011630656031953469
2025-07-31,0.0,632.0800170898438,SPY,7.186000545390887,0.01136881462963489
2025-08-31,0.0,645.0499877929688,SPY,7.186000545390887,0.011140222744562335
2025-09-30,1.8400265979449604,666.1799926757812,SPY,7.283000913611423,0.01093248220253282
2025-10-31,0.0,682.0599975585938,SPY,7.283000913611423,0.010677947599449655
2025-11-30,0.0,683.3900146484375,SPY,7.283000913611423,0.010657166124029605
2025-12-31,2.0110925456103583,687.010009765625,SPY,7.304497323018057,0.01063230115891616
2015-01-31,0.2604981756472714,33.2599983215332,UDR,0.2604981756472714,0.007832176451993973
2015-02-28,0.0,31.940000534057617,UDR,0.2604981756472714,0.008155860090531377
2015-03-31,0.0,34.029998779296875,UDR,0.2604981756472714,0.007654956949506356
2015-04-30,0.2801200470575717,32.77000045776367,UDR,0.540618222704843,0.01649735169828974
2015-05-31,0.0,32.560001373291016,UDR,0.540618222704843,0.01660375306827574
2015-06-30,0.0,32.029998779296875,UDR,0.540618222704843,0.016878496512909038
2015-07-31,0.2779932480599617,33.810001373291016,UDR,0.8186114707648048,0.024212109953106527
2015-08-31,0.0,32.29999923706055,UDR,0.8186114707648048,0.02534400898144734
2015-09-30,0.0,34.47999954223633,UDR,0.8186114707648048,0.02374163229793682
2015-10-31,0.28134491513504317,34.459999084472656,UDR,1.099956385899848,0.03191980310862741
2015-11-30,0.0,36.90999984741211,UDR,1.099956385899848,0.029801040109648493
2015-12-31,0.0,37.56999969482422,UDR,1.099956385899848,0.029277519159825335
2016-01-31,0.2748209679479421,35.59000015258789,UDR,1.1142791782005186,0.031308771380252294
2016-02-29,0.0,34.33000183105469,UDR,1.1142791782005186,0.032457882865376056
2016-03-31,0.0,38.529998779296875,UDR,1.1142791782005186,0.028919782338515113
2016-04-30,0.2933984535527413,34.91999816894531,UDR,1.1275575846956882,0.03228973779553161
2016-05-31,0.0,36.029998779296875,UDR,1.1275575846956882,0.03129496594220236
2016-06-30,0.0,36.91999816894531,UDR,1.1275575846956882,0.030540564480420692
2016-07-31,0.29207008286422687,37.22999954223633,UDR,1.1416344194999535,0.030664368346413843
2016-08-31,0.0,36.18000030517578,UDR,1.1416344194999535,0.03155429546352534
2016-09-30,0.0,35.9900016784668,UDR,1.1416344194999535,0.03172087708412099
2016-10-31,0.29549196874968175,34.970001220703125,UDR,1.1557814731145921,0.03305065578408788
2016-11-30,0.0,34.040000915527344,UDR,1.1557814731145921,0.03395362638158398
2016-12-31,0.0,36.47999954223633,UDR,1.1557814731145921,0.031682606568468705
2017-01-31,0.2974066877757189,34.95000076293945,UDR,1.178367192942369,0.03371579877594437
2017-02-28,0.0,36.5,UDR,1.178367192942369,0.03228403268335257
2017-03-31,0.0,36.2599983215332,UDR,1.178367192942369,0.03249771780167428
2017-04-30,0.31182056140805364,37.34000015258789,UDR,1.196789300797681,0.03205113272381003
2017-05-31,0.0,38.61000061035156,UDR,1.196789300797681,0.030996873397531495
2017-06-30,0.0,38.970001220703125,UDR,1.196789300797681,0.030710527670239775
2017-07-31,0.3022879224972878,39.09000015258789,UDR,1.207007140430742,0.030877644812463224
2017-08-31,0.0,38.81999969482422,UDR,1.207007140430742,0.031092404686228516
2017-09-30,0.0,38.029998779296875,UDR,1.207007140430742,0.03173829027540816
2017-10-31,0.3093550727887185,38.790000915527344,UDR,1.2208702444697788,0.03147383902177413
2017-11-30,0.0,39.33000183105469,UDR,1.2208702444697788,0.031041703219698007
2017-12-31,0.0,38.52000045776367,UDR,1.2208702444697788,0.03169445041436165
2018-01-31,0.3070149056866461,36.529998779296875,UDR,1.230478462380706,0.033684054297808276
2018-02-28,0.0,33.619998931884766,UDR,1.230478462380706,0.036599598497123575
2018-03-31,0.0,35.619998931884766,UDR,1.230478462380706,0.034544595712473744
2018-04-30,0.32303662166257424,36.150001525878906,UDR,1.2416945226352265,0.034348394750310804
2018-05-31,0.0,36.470001220703125,UDR,1.2416945226352265,0.034047010723167924
2018-06-30,0.0,37.540000915527344,UDR,1.2416945226352265,0.03307657145318916
2018-07-31,0.3209668236912765,38.47999954223633,UDR,1.2603734238292152,0.03275398749539503
2018-08-31,0.0,39.970001220703125,UDR,1.2603734238292152,0.03153298437169884
2018-09-30,0.0,40.43000030517578,UDR,1.2603734238292152,0.03117421257273313
2018-10-31,0.3268308457138969,39.189998626708984,UDR,1.2778491967543937,0.03260651292504784
2018-11-30,0.0,42.619998931884766,UDR,1.2778491967543937,0.029982384532591163
2018-12-31,0.0,39.619998931884766,UDR,1.2778491967543937,0.03225263077243614
2019-01-31,0.32262456268312034,43.75,UDR,1.293458853750868,0.02956477380001984
2019-02-28,0.0,44.41999816894531,UDR,1.293458853750868,0.029118840771478114
2019-03-31,0.0,45.459999084472656,UDR,1.293458853750868,0.028452681033877596
2019-04-30,0.34157995221525694,44.95000076293945,UDR,1.3120021843035508,0.029188034750497163
2019-05-31,0.0,44.779998779296875,UDR,1.3120021843035508,0.02929884368174946
2019-06-30,0.0,44.88999938964844,UDR,1.3120021843035508,0.029227048388111503
2019-07-31,0.34688912580418096,46.060001373291016,UDR,1.3379244864164552,0.029047426107813416
2019-08-31,0.0,48.18000030517578,UDR,1.3379244864164552,0.027769291779616852
2019-09-30,0.0,48.47999954223633,UDR,1.3379244864164552,0.027597452538151122
2019-10-31,0.3426620021852027,50.25,UDR,1.353755642887761,0.026940410803736537
2019-11-30,0.0,48.04999923706055,UDR,1.353755642887761,0.0281738952004732
2019-12-31,0.0,46.70000076293945,UDR,1.353755642887761,0.02898834305720365
2020-01-31,0.34393317190425854,47.90999984741211,UDR,1.3750642521088992,0.028700986359597624
2020-02-29,0.0,44.97999954223633,UDR,1.3750642521088992,0.03057057061144944
2020-03-31,0.0,36.540000915527344,UDR,1.3750642521088992,0.037631751988396314
2020-04-30,0.39325267429405003,37.470001220703125,UDR,1.4267369741876923,0.03807677949578993
2020-05-31,0.0,36.97999954223633,UDR,1.4267369741876923,0.038581314003483407
2020-06-30,0.0,37.380001068115234,UDR,1.4267369741876923,0.03816845728783792
2020-07-31,0.3581074240778076,36.20000076293945,UDR,1.437955272461319,0.039722520501531515
2020-08-31,0.0,34.810001373291016,UDR,1.437955272461319,0.041308681865339765
2020-09-30,0.0,32.61000061035156,UDR,1.437955272461319,0.0440955303755763
2020-10-31,0.36920017552419093,31.239999771118164,UDR,1.464493445800307,0.046878791822343495
2020-11-30,0.0,38.470001220703125,UDR,1.464493445800307,0.03806845332284967
2020-12-31,0.0,38.43000030517578,UDR,1.464493445800307,0.038108077912324866
2021-01-31,0.3617359725440965,38.45000076293945,UDR,1.482296246440145,0.03855126702283127
2021-02-28,0.0,41.16999816894531,UDR,1.482296246440145,0.036004282544715945
2021-03-31,0.0,43.86000061035156,UDR,1.482296246440145,0.03379608357985984
2021-04-30,0.36064339708234633,46.45000076293945,UDR,1.4496869692284413,0.031209622075724204
2021-05-31,0.0,47.630001068115234,UDR,1.4496869692284413,0.030436425293278013
2021-06-30,0.0,48.97999954223633,UDR,1.4496869692284413,0.029597529252288996
2021-07-31,0.37145208293053156,54.9900016784668,UDR,1.4630316280811655,0.02660541159165058
2021-08-31,0.0,54.02000045776367,UDR,1.4630316280811653,0.027083147272926402
2021-09-30,0.0,52.97999954223633,UDR,1.4630316280811653,0.02761479125560992
2021-10-31,0.362344845642415,55.529998779296875,UDR,1.4561762981993893,0.026223236632634185
2021-11-30,0.0,56.72999954223633,UDR,1.4561762981993893,0.025668540630169483
2021-12-31,0.0,59.9900016784668,UDR,1.4561762981993893,0.024273649899264442
2022-01-31,0.35895916573303527,56.84000015258789,UDR,1.4533994913883284,0.025570012095120588
2022-02-28,0.0,54.869998931884766,UDR,1.4533994913883284,0.026488053939869187
2022-03-31,0.0,57.369998931884766,UDR,1.4533994913883284,0.02533378975854515
2022-04-30,0.37999725341796714,53.209999084472656,UDR,1.472753347723949,0.027678131423868352
2022-05-31,0.0,47.79999923706055,UDR,1.472753347723949,0.0308107399839054
2022-06-30,0.0,46.040000915527344,UDR,1.472753347723949,0.031988560348339426
2022-07-31,0.3762239785382719,48.400001525878906,UDR,1.4775252433316892,0.03052738009815297
2022-08-31,0.0,44.869998931884766,UDR,1.4775252433316892,0.03292902336758816
2022-09-30,0.0,41.709999084472656,UDR,1.4775252433316892,0.03542376590177693
2022-10-31,0.36678958925230715,39.7599983215332,UDR,1.4819699869415814,0.0372728885689861
2022-11-30,0.0,41.470001220703125,UDR,1.4819699869415814,0.03573595233466585
2022-12-31,0.0,38.72999954223633,UDR,1.4819699869415814,0.03826413644351957
2023-01-31,0.3947950416624858,42.59000015258789,UDR,1.517805862871032,0.035637611116063964
2023-02-28,0.0,42.84000015258789,UDR,1.517805862871032,0.03542964186425998
2023-03-31,0.0,41.060001373291016,UDR,1.517805862871032,0.0369655580152597
2023-04-30,0.4256543473161412,41.33000183105469,UDR,1.563462956769206,0.0378287657271393
2023-05-31,0.0,39.66999816894531,UDR,1.563462956769206,0.03941172243343144
2023-06-30,0.0,42.959999084472656,UDR,1.563462956769206,0.036393458800940706
2023-07-31,0.4172543187682394,40.880001068115234,UDR,1.6044932969991734,0.03924885653319158
2023-08-31,0.0,39.900001525878906,UDR,1.6044932969991734,0.04021286304860185
2023-09-30,0.0,35.66999816894531,UDR,1.6044932969991734,0.044981591795989005
2023-10-31,0.42582797482176354,31.809999465942383,UDR,1.66353168256863,0.05229587269719079
2023-11-30,0.0,33.400001525878906,UDR,1.66353168256863,0.04980633552605369
2023-12-31,0.0,38.290000915527344,UDR,1.66353168256863,0.04344559004421531
2024-01-31,0.419563059471475,36.02000045776367,UDR,1.6882997003776192,0.04687117376240141
2024-02-29,0.0,35.5,UDR,1.6882997003776192,0.047557738038806176
2024-03-31,0.0,37.40999984741211,UDR,1.6882997003776192,0.04512963665500816
2024-04-30,0.4325866291309404,38.08000183105469,UDR,1.6952319821924182,0.04451764445058237
2024-05-31,0.0,38.619998931884766,UDR,1.6952319821924182,0.043895184595482487
2024-06-30,0.0,41.150001525878906,UDR,1.6952319821924182,0.041196401441839565
2024-07-31,0.42779272111244016,40.06999969482422,UDR,1.7057703845366192,0.04256976285320389
2024-08-31,0.0,44.5099983215332,UDR,1.7057703845366192,0.03832330821974881
2024-09-30,0.0,45.34000015258789,UDR,1.7057703845366192,0.03762175515650629
2024-10-31,0.4220344128607434,42.189998626708984,UDR,1.701976822575599,0.04034076506222349
2024-11-30,0.0,45.86000061035156,UDR,1.701976822575599,0.03711244657487918
2024-12-31,0.0,43.40999984741211,UDR,1.701976822575599,0.039207022081504624
2025-01-31,0.41766112397171473,41.7400016784668,UDR,1.7000748870758386,0.04073011065432919
2025-02-28,0.0,45.18000030517578,UDR,1.7000748870758386,0.037628925975927444
2025-03-31,0.0,45.16999816894531,UDR,1.7000748870758386,0.037637258268579075
2025-04-30,0.4169861456089454,41.880001068115234,UDR,1.6844744035538437,0.04022145082599569
2025-05-31,0.0,41.43000030517578,UDR,1.6844744035538437,0.04065832467163668
2025-06-30,0.0,40.83000183105469,UDR,1.6844744035538437,0.04125580034318435
2025-07-31,0.43212736021496817,39.290000915527344,UDR,1.6888090426563718,0.04298317646485361
2025-08-31,0.0,39.56999969482422,UDR,1.6888090426563718,0.04267902592067164
2025-09-30,0.0,37.2599983215332,UDR,1.6888090426563718,0.04532498976738761
2025-10-31,0.42963186177230717,33.689998626708984,UDR,1.6964064915679355,0.050353415278059616
2025-11-30,0.0,36.41999816894531,UDR,1.6964064915679355,0.04657898343922574
2025-12-31,0.0,36.9900016784668,UDR,1.6964064915679355,0.04586121693948109
2018-01-31,0.0,22.0,VICI,0.0,0.0
2018-02-28,0.0,19.549999237060547,VICI,0.0,0.0
2018-03-31,0.15955863116256055,18.31999969482422,VICI,0.15955863116256055,0.008709532413782691
2018-04-30,0.0,18.18000030517578,VICI,0.15955863116256055,0.00877660222685116
2018-05-31,0.0,19.3700008392334,VICI,0.15955863116256055,0.008237409615356288
2018-06-30,0.2624036944759914,20.63999938964844,VICI,0.42196232563855196,0.02044391173045181
2018-07-31,0.0,20.350000381469727,VICI,0.4219623256385519,0.02073524902843647
2018-08-31,0.0,20.90999984741211,VICI,0.4219623256385519,0.020179929637387125
2018-09-30,0.2928139915829971,21.6200008392334,VICI,0.714776317221549,0.03306088295447511
2018-10-31,0.0,21.59000015258789,VICI,0.714776317221549,0.033106823166736854
2018-11-30,0.0,21.770000457763672,VICI,0.714776317221549,0.032833086917398
2018-12-31,0.2887538979835465,18.780000686645508,VICI,1.0035302152050956,0.05343611174192915
2019-01-31,0.0,21.530000686645508,VICI,1.0035302152050956,0.046610784170924756
2019-02-28,0.0,21.309999465942383,VICI,1.0035302152050956,0.047091986877284366
2019-03-31,0.2897020324324778,21.8799991607666,VICI,1.1336736164750127,0.051813238572139535
2019-04-30,0.0,22.799999237060547,VICI,1.1336736164750127,0.049722528702205775
2019-05-31,0.0,22.18000030517578,VICI,1.1336736164750127,0.05111242564818477
2019-06-30,0.2936623127204351,22.040000915527344,VICI,1.1649322347194564,0.05285536235612191
2019-07-31,0.0,21.34000015258789,VICI,1.1649322347194564,0.05458913900608317
2019-08-31,0.0,22.15999984741211,VICI,1.1649322347194564,0.052569144528017656
2019-09-30,0.2948250486373839,22.649999618530273,VICI,1.1669432917738431,0.05152067600121066
2019-10-31,0.0,23.549999237060547,VICI,1.1669432917738431,0.049551733740077104
2019-11-30,0.0,24.729999542236328,VICI,1.1669432917738431,0.04718735597955926
2019-12-31,0.2995332706283403,25.549999237060547,VICI,1.177722664418637,0.046094821901612335
2020-01-31,0.0,26.799999237060547,VICI,1.177722664418637,0.04394487678902676
2020-02-29,0.0,25.059999465942383,VICI,1.177722664418637,0.04699611690013053
2020-03-31,0.30229718498820846,16.639999389648438,VICI,1.1903178169743678,0.07153352527854367
2020-04-30,0.0,17.420000076293945,VICI,1.1903178169743678,0.06833052880374064
2020-05-31,0.0,19.6200008392334,VICI,1.1903178169743678,0.06066859154226603
2020-06-30,0.3020500853294487,20.190000534057617,VICI,1.1987055895833811,0.05937125100919823
2020-07-31,0.0,21.709999084472656,VICI,1.1987055895833811,0.055214446804869505
2020-08-31,0.0,22.34000015258789,VICI,1.1987055895833811,0.05365736711709564
2020-09-30,0.3235002080417602,23.3700008392334,VICI,1.2273807489877577,0.052519499568320055
2020-10-31,0.0,22.950000762939453,VICI,1.2273807489877577,0.053480640879532325
2020-11-30,0.0,25.290000915527344,VICI,1.2273807489877577,0.048532254035395496
2020-12-31,0.3372827651358859,25.5,VICI,1.2651302434953031,0.049612950725306006
2021-01-31,0.0,25.280000686645508,VICI,1.2651302434953031,0.05004470763972822
2021-02-28,0.0,28.5,VICI,1.2651302434953031,0.04439053485948432
2021-03-31,0.3229181330725621,28.239999771118164,VICI,1.285751191579657,0.04552943349860188
2021-04-30,0.0,31.700000762939453,VICI,1.285751191579657,0.04055997352160419
2021-05-31,0.0,31.1299991607666,VICI,1.285751191579657,0.04130264138266023
2021-06-30,0.327587554024843,31.020000457763672,VICI,1.311288660275051,0.04227236108717924
2021-07-31,0.0,31.190000534057617,VICI,1.311288660275051,0.04204195696768912
2021-08-31,0.0,30.90999984741211,VICI,1.311288660275051,0.042422797371344426
2021-09-30,0.36609725976447294,28.40999984741211,VICI,1.3538857119977639,0.04765525235020691
2021-10-31,0.0,29.350000381469727,VICI,1.3538857119977639,0.04612898447703417
2021-11-30,0.0,27.200000762939453,VICI,1.3538857119977639,0.049775208603760786
2021-12-31,0.36471802695611877,30.11000061035156,VICI,1.3813209738179968,0.045875820186569854
2022-01-31,0.0,28.6200008392334,VICI,1.3813209738179968,0.048264183553916214
2022-02-28,0.0,27.959999084472656,VICI,1.3813209738179968,0.04940346992304093
2022-03-31,0.3586759213542205,28.459999084472656,VICI,1.4170787620996552,0.049791946861754886
2022-04-30,0.0,29.809999465942383,VICI,1.4170787620996552,0.04753702742325283
2022-05-31,0.0,30.850000381469727,VICI,1.4170787620996552,0.04593448118564153
2022-06-30,0.3573092642595077,29.790000915527344,VICI,1.44680047233432,0.04856664746123619
2022-07-31,0.0,34.189998626708984,VICI,1.4468004723343197,0.04231648231784629
2022-08-31,0.0,32.9900016784668,VICI,1.4468004723343197,0.04385572593888875
2022-09-30,0.38318179923915,29.850000381469727,VICI,1.4638850118089968,0.049041373303222696
2022-10-31,0.0,32.02000045776367,VICI,1.4638850118089968,0.04571783231983242
2022-11-30,0.0,34.20000076293945,VICI,1.4638850118089968,0.04280365436118129
2022-12-31,0.3905897580576582,32.400001525878906,VICI,1.4897567429105365,0.04598014422069149
2023-01-31,0.0,34.18000030517578,VICI,1.4897567429105365,0.04358562696340722
2023-02-28,0.0,33.529998779296875,VICI,1.4897567429105365,0.04443056358923544
2023-03-31,0.3799800099594656,32.619998931884766,VICI,1.5110608315157816,0.046323141661380594
2023-04-30,0.0,33.939998626708984,VICI,1.5110608315157816,0.04452153484551578
2023-05-31,0.0,30.93000030517578,VICI,1.5110608315157816,0.0488542132753527
2023-06-30,0.3853050980925355,31.43000030517578,VICI,1.5390566653488094,0.048967758523863675
2023-07-31,0.0,31.479999542236328,VICI,1.5390566653488094,0.04888998372709237
2023-08-31,0.0,30.84000015258789,VICI,1.5390566653488094,0.04990456088631575
2023-09-30,0.4161574321110366,29.100000381469727,VICI,1.572032298220696,0.05402172775302551
2023-10-31,0.0,27.899999618530273,VICI,1.5720322982206958,0.056345244434218664
2023-11-30,0.0,29.88999938964844,VICI,1.5720322982206958,0.0525939220582629
2023-12-31,0.4115009530946698,31.8799991607666,VICI,1.5929434932577076,0.049966861204252394
2024-01-31,0.0,30.1200008392334,VICI,1.5929434932577076,0.052886568687700294
2024-02-29,0.0,29.93000030517578,VICI,1.5929434932577076,0.05322230127014869
2024-03-31,0.4188502565177568,29.790000915527344,VICI,1.6318137398159986,0.05477723026740337
2024-04-30,0.0,28.549999237060547,VICI,1.6318137398159986,0.057156349682060695
2024-05-31,0.0,28.709999084472656,VICI,1.6318137398159986,0.05683781929127748
2024-06-30,0.41985271189277557,28.63999938964844,VICI,1.6663613536162387,0.05818300939693887
2024-07-31,0.0,31.260000228881836,VICI,1.6663613536162387,0.05330650484374114
2024-08-31,0.0,33.47999954223633,VICI,1.6663613536162387,0.0497718451732372
2024-09-30,0.4301757053678922,33.310001373291016,VICI,1.6803796268730944,0.05044669941744507
2024-10-31,0.0,31.760000228881836,VICI,1.6803796268730944,0.05290867804670211
2024-11-30,0.0,32.61000061035156,VICI,1.6803796268730944,0.05152957974308295
2024-12-31,0.4266513104778887,29.209999084472656,VICI,1.6955299842563132,0.05804621832931233
2025-01-31,0.0,29.770000457763672,VICI,1.6955299842563132,0.056954315021320014
2025-02-28,0.0,32.4900016784668,VICI,1.6955299842563132,0.05218620796132643
2025-03-31,0.43385360393898265,32.619998931884766,VICI,1.710533331677539,0.05243817865381841
2025-04-30,0.0,32.02000045776367,VICI,1.710533331677539,0.053420777864567386
2025-05-31,0.0,31.709999084472656,VICI,1.710533331677539,0.05394302683897367
2025-06-30,0.43901580332261,32.599998474121094,VICI,1.7296964231073735,0.05305817497140256
2025-07-31,0.0,32.599998474121094,VICI,1.7296964231073733,0.053058174971402555
2025-08-31,0.0,33.779998779296875,VICI,1.7296964231073733,0.051204750906251414
2025-09-30,0.449579133772723,32.61000061035156,VICI,1.7490998515122043,0.05363691563246946
2025-10-31,0.0,29.989999771118164,VICI,1.7490998515122043,0.058322769751958214
2025-11-30,0.0,28.81999969482422,VICI,1.7490998515122043,0.06069048820379845
2025-12-31,0.45856127874563474,28.34000015258789,VICI,1.7810098197799504,0.0628443828578214
2015-01-31,0.0,86.55000305175781,VNQ,0.0,0.0
2015-02-28,0.0,83.37000274658203,VNQ,0.0,0.0
2015-03-31,0.5031526319683702,84.30999755859375,VNQ,0.5031526319683702,0.005967888109813896
2015-04-30,0.0,79.37999725341797,VNQ,0.5031526319683702,0.006338531738191832
2015-05-31,0.0,79.13999938964844,VNQ,0.5031526319683702,0.0063577538014763105
2015-06-30,0.7674437700741924,74.69000244140625,VNQ,1.2705964020425626,0.017011599417731123
2015-07-31,0.0,79.0,VNQ,1.2705964020425626,0.016083498760032438
2015-08-31,0.0,74.02999877929688,VNQ,1.2705964020425626,0.017163263852408652
2015-09-30,0.7567242900660325,75.54000091552734,VNQ,2.027320692108595,0.026837710716679068
2015-10-31,0.0,79.88999938964844,VNQ,2.027320692108595,0.02537640139688473
2015-11-30,0.0,79.38999938964844,VNQ,2.027320692108595,0.025536222543074295
2015-12-31,1.109292017666704,79.7300033569336,VNQ,3.1366127097752994,0.039340431176622156
2016-01-31,0.0,76.98999786376953,VNQ,3.1366127097752994,0.04074052210425307
2016-02-29,0.0,76.70999908447266,VNQ,3.1366127097752994,0.04088922887772789
2016-03-31,0.9107098749533644,83.80000305175781,VNQ,3.5441699527602935,0.04229319598677449
2016-04-30,0.0,81.83000183105469,VNQ,3.5441699527602935,0.04331137569906875
2016-05-31,0.0,83.66999816894531,VNQ,3.5441699527602935,0.04235891036598273
2016-06-30,0.7669096290209669,88.66999816894531,VNQ,3.543635811707068,0.039964315832682035
2016-07-31,0.0,92.4499969482422,VNQ,3.543635811707068,0.038330296686661436
2016-08-31,0.0,88.97000122070312,VNQ,3.543635811707068,0.03982955786317862
2016-09-30,0.5829990455823989,86.73999786376953,VNQ,3.369910567223434,0.038850710747262
2016-10-31,0.0,81.76000213623047,VNQ,3.3699105672234344,0.04121710468657289
2016-11-30,0.0,80.38999938964844,VNQ,3.3699105672234344,0.041919524727069064
2016-12-31,1.6921901785271354,82.52999877929688,VNQ,3.9528087280838653,0.04789541726099541
2017-01-31,0.0,82.37000274658203,VNQ,3.9528087280838653,0.047988449633114626
2017-02-28,0.0,85.26000213623047,VNQ,3.9528087280838653,0.046361818309222806
2017-03-31,0.5947022766000537,82.58999633789062,VNQ,3.636801129730555,0.04403440236093174
2017-04-30,0.0,82.79000091552734,VNQ,3.636801129730555,0.04392802378926498
2017-05-31,0.0,82.19000244140625,VNQ,3.636801129730555,0.04424870448596534
2017-06-30,0.8037844943848795,83.2300033569336,VNQ,3.6736759950944675,0.04413884232756584
2017-07-31,0.0,84.26000213623047,VNQ,3.6736759950944675,0.04359928675476315
2017-08-31,0.0,84.04000091552734,VNQ,3.6736759950944675,0.04371342164533121
2017-09-30,0.8479847175343377,83.08999633789062,VNQ,3.9386616670464063,0.04740235697002072
2017-10-31,0.0,82.19999694824219,VNQ,3.9386616670464063,0.04791559383544032
2017-11-30,0.0,84.38999938964844,VNQ,3.9386616670464063,0.046672137641104616
2017-12-31,1.259105570687546,82.9800033569336,VNQ,3.505577059206817,0.0422460462447535
2018-01-31,0.0,79.44999694824219,VNQ,3.505577059206817,0.044123060967397265
2018-02-28,0.0,73.3499984741211,VNQ,3.505577059206817,0.0477924626057577
2018-03-31,0.7140525772186462,75.47000122070312,VNQ,3.6249273598254095,0.04803136744657969
2018-04-30,0.0,76.08999633789062,VNQ,3.6249273598254095,0.047639999136395016
2018-05-31,0.0,78.88999938964844,VNQ,3.6249273598254095,0.04594913661896992
2018-06-30,0.7321889305819322,81.44999694824219,VNQ,3.553331796022462,0.04362592914865847
2018-07-31,0.0,81.94000244140625,VNQ,3.553331796022462,0.04336504381438581
2018-08-31,0.0,84.05000305175781,VNQ,3.553331796022462,0.04227640293878786
2018-09-30,1.1234525060340168,80.68000030517578,VNQ,3.8287995845221414,0.047456613411496436
2018-10-31,0.0,78.31999969482422,VNQ,3.8287995845221414,0.048886613884590806
2018-11-30,0.0,81.9800033569336,VNQ,3.8287995845221414,0.046704067183943515
2018-12-31,0.9545061955084431,74.56999969482422,VNQ,3.5242002093430385,0.04726029534351262
2019-01-31,0.0,83.41000366210938,VNQ,3.5242002093430385,0.04225152924845123
2019-02-28,0.0,83.98999786376953,VNQ,3.5242002093430385,0.04195976067363683
2019-03-31,0.6219490644236574,86.91000366210938,VNQ,3.4320966965480495,0.03949023762432954
2019-04-30,0.0,86.7699966430664,VNQ,3.4320966965480495,0.03955395677455406
2019-05-31,0.0,86.88999938964844,VNQ,3.4320966965480495,0.03949932927444501
2019-06-30,0.8376277044885934,87.4000015258789,VNQ,3.537535470454711,0.04047523350908931
2019-07-31,0.0,88.88999938964844,VNQ,3.537535470454711,0.03979677685616757
2019-08-31,0.0,92.22000122070312,VNQ,3.537535470454711,0.03835974217771474
2019-09-30,0.742378279750029,93.25,VNQ,3.156461244170723,0.033849450339632416
2019-10-31,0.0,94.3000030517578,VNQ,3.156461244170723,0.03347254657498004
2019-11-30,0.0,93.06999969482422,VNQ,3.156461244170723,0.033914916240686946
2019-12-31,0.968653723862888,92.79000091552734,VNQ,3.170608772525168,0.0341697245526657
2020-01-31,0.0,93.93000030517578,VNQ,3.170608772525168,0.03375501716410044
2020-02-29,0.0,87.33000183105469,VNQ,3.170608772525168,0.0363060655679237
2020-03-31,0.6753747541386347,69.8499984741211,VNQ,3.224034462240145,0.04615654305897553
2020-04-30,0.0,76.11000061035156,VNQ,3.224034462240145,0.0423601949334586
2020-05-31,0.0,77.43000030517578,VNQ,3.224034462240145,0.04163805307417305
2020-06-30,0.7686878042862546,78.52999877929688,VNQ,3.155094562037806,0.04017693379704463
2020-07-31,0.0,81.38999938964844,VNQ,3.1550945620378066,0.03876513804764921
2020-08-31,0.0,81.75,VNQ,3.1550945620378066,0.038594428893428824
2020-09-30,0.6021596743419184,78.95999908447266,VNQ,3.0148759566296954,0.038182320055555385
2020-10-31,0.0,76.58999633789062,VNQ,3.0148759566296954,0.039363834714510555
2020-11-30,0.0,84.0,VNQ,3.0148759566296954,0.0358913804360678
2020-12-31,1.3497085238948767,84.93000030517578,VNQ,3.3959307566616848,0.03998505527445207
2021-01-31,0.0,84.95999908447266,VNQ,3.3959307566616843,0.039970936832111226
2021-02-28,0.0,87.87000274658203,VNQ,3.3959307566616843,0.03864721350306068
2021-03-31,0.5313755237190415,91.86000061035156,VNQ,3.2519315262420916,0.035400952586926465
2021-04-30,0.0,99.08000183105467,VNQ,3.2519315262420916,0.03282127034865312
2021-05-31,0.0,99.87999725341795,VNQ,3.2519315262420916,0.03255838622012786
2021-06-30,0.7274464197774486,101.79000091552734,VNQ,3.210690141733285,0.0315422940647947
2021-07-31,0.0,106.29000091552734,VNQ,3.210690141733285,0.030206887892351618
2021-08-31,0.0,108.58000183105467,VNQ,3.210690141733285,0.02956981108481621
2021-09-30,0.6499541481373877,101.77999877929688,VNQ,3.258484615528755,0.03201497990380763
2021-10-31,0.0,109.04000091552734,VNQ,3.258484615528755,0.029883387639120473
2021-11-30,0.0,106.73999786376952,VNQ,3.258484615528755,0.03052730635883565
2021-12-31,1.0708675894990414,116.01000213623048,VNQ,2.979643681132919,0.025684368815319263
2022-01-31,0.0,106.23999786376952,VNQ,2.979643681132919,0.028046345454126292
2022-02-28,0.0,102.54000091552734,VNQ,2.979643681132919,0.02905835434493077
2022-03-31,0.5705332335331611,108.37000274658205,VNQ,3.0188013909470386,0.027856429956972115
2022-04-30,0.0,103.94000244140624,VNQ,3.0188013909470386,0.029043691745618515
2022-05-31,0.0,99.06999969482422,VNQ,3.0188013909470386,0.030471398003897966
2022-06-30,0.5808270693703865,91.11000061035156,VNQ,2.8721820405399767,0.03152433345734881
2022-07-31,0.0,98.95999908447266,VNQ,2.8721820405399767,0.029023666805900742
2022-08-31,0.0,93.01000213623048,VNQ,2.8721820405399767,0.030880356677480028
2022-09-30,0.9038201775029897,80.16999816894531,VNQ,3.1260480699055786,0.03899274218914085
2022-10-31,0.0,82.9800033569336,VNQ,3.1260480699055786,0.03767230589831465
2022-11-30,0.0,88.08000183105469,VNQ,3.1260480699055786,0.035491008230240706
2022-12-31,1.1591138549564137,82.4800033569336,VNQ,3.214294335362951,0.03897058928881269
2023-01-31,0.0,91.05999755859376,VNQ,3.214294335362951,0.03529864288975706
2023-02-28,0.0,85.72000122070312,VNQ,3.214294335362951,0.03749760020519731
2023-03-31,0.7897450498057846,83.04000091552734,VNQ,3.4335061516355747,0.041347616977127896
2023-04-30,0.0,83.30000305175781,VNQ,3.4335061516355747,0.04121855973405178
2023-05-31,0.0,80.0,VNQ,3.4335061516355747,0.042918826895444684
2023-06-30,0.938364811696978,83.55999755859375,VNQ,3.7910438939621662,0.04536912403933257
2023-07-31,0.0,85.26000213623047,VNQ,3.7910438939621662,0.04446450620426617
2023-08-31,0.0,82.37999725341797,VNQ,3.7910438939621662,0.046018985437692214
2023-09-30,0.7339688299426875,75.66000366210938,VNQ,3.621192546401864,0.0478613847624668
2023-10-31,0.0,72.91999816894531,VNQ,3.621192546401864,0.0496598002925353
2023-11-30,0.0,81.7300033569336,VNQ,3.621192546401864,0.04430677104694697
2023-12-31,1.077471267135099,88.36000061035156,VNQ,3.539549958580549,0.0400582835460719
2024-01-31,0.0,83.88999938964844,VNQ,3.539549958580549,0.04219275222711839
2024-02-29,0.0,85.55000305175781,VNQ,3.539549958580549,0.041374048302945346
2024-03-31,0.7227847006101074,86.4800033569336,VNQ,3.4725896093848716,0.04015482741197714
2024-04-30,0.0,79.61000061035156,VNQ,3.4725896093848716,0.04362001736919138
2024-05-31,0.0,83.23999786376953,VNQ,3.4725896093848716,0.0417178003184011
2024-06-30,1.0412520823259923,83.76000213623047,VNQ,3.575476880013886,0.04268716319035658
2024-07-31,0.0,90.41000366210938,VNQ,3.575476880013886,0.03954735908845406
2024-08-31,0.0,95.12999725341795,VNQ,3.575476880013886,0.03758516748916884
2024-09-30,0.8140428603345523,97.41999816894533,VNQ,3.655550910405751,0.03752361916560818
2024-10-31,0.0,94.1500015258789,VNQ,3.655550910405751,0.03882688105321967
2024-11-30,0.0,98.16000366210938,VNQ,3.655550910405751,0.03724073730670434
2024-12-31,0.8593509096968016,89.08000183105469,VNQ,3.4374305529674536,0.03858812844982577
2025-01-31,0.0,90.5500030517578,VNQ,3.4374305529674536,0.0379616834579524
2025-02-28,0.0,93.9000015258789,VNQ,3.4374305529674536,0.03660735353683775
2025-03-31,0.9215460520562347,90.54000091552734,VNQ,3.636191904413581,0.040161164873480634
2025-04-30,0.0,88.33000183105469,VNQ,3.6361919044135806,0.04116598923396811
2025-05-31,0.0,89.31999969482422,VNQ,3.6361919044135806,0.04070971693727273
2025-06-30,0.8671940214447295,89.05999755859375,VNQ,3.462133843532318,0.03887417402245642
2025-07-31,0.0,89.13999938964844,VNQ,3.4621338435323183,0.038839285026227695
2025-08-31,0.0,92.23999786376952,VNQ,3.4621338435323183,0.03753397575578427
2025-09-30,0.8634255824584957,91.41999816894533,VNQ,3.5115165656562612,0.03841081421995802
2025-10-31,0.0,89.18000030517578,VNQ,3.5115165656562612,0.039375606118409734
2025-11-30,0.0,91.33999633789062,VNQ,3.5115165656562612,0.03844445704449385
2025-12-31,0.8051116127806591,89.22000122070312,VNQ,3.457277268740119,0.03875002489842908
2015-01-31,0.24413578705086583,91.13851928710938,VTR,0.24413578705086583,0.002678733305747226
2015-02-28,0.0,85.04054260253906,VTR,0.24413578705086583,0.0028708164315449304
2015-03-31,0.6529733886893471,83.38471984863281,VTR,0.8971091757402129,0.010758675898518618
2015-04-30,0.0,78.67991638183594,VTR,0.8971091757402129,0.011402009775741446
2015-05-31,0.0,75.96208953857422,VTR,0.8971091757402129,0.011809959167653662
2015-06-30,0.8869518018397475,70.90327453613281,VTR,1.7840609775799603,0.02516189822334355
2015-07-31,0.0,76.61299133300781,VTR,1.7840609775799603,0.023286663874346313
2015-08-31,0.0,55.02000045776367,VTR,1.7840609775799603,0.032425680893069096
2015-09-30,0.7385718439885317,56.060001373291016,VTR,2.522632821568492,0.04499880056675069
2015-10-31,0.0,53.720001220703125,VTR,2.522632821568492,0.04695891221603874
2015-11-30,0.0,53.34000015258789,VTR,2.522632821568492,0.047293453587403146
2015-12-31,0.7276037243758966,56.43000030517578,VTR,3.2502365459443885,0.05759767018194178
2016-01-31,0.0,55.31999969482422,VTR,3.006100758893523,0.05434021647644326
2016-02-29,0.0,55.66999816894531,VTR,3.006100758893523,0.05399857836838285
2016-03-31,0.7177216221183779,62.959999084472656,VTR,3.0708489923225537,0.04877460350980046
2016-04-30,0.0,62.119998931884766,VTR,3.0708489923225537,0.049434144319444887
2016-05-31,0.0,66.33000183105469,VTR,3.0708489923225537,0.046296531095297355
2016-06-30,0.7315597453383355,72.81999969482422,VTR,2.9154569358211417,0.04003648651523356
2016-07-31,0.0,76.16000366210938,VTR,2.9154569358211417,0.038280682715770675
2016-08-31,0.0,72.66999816894531,VTR,2.9154569358211417,0.040119127690676465
2016-09-30,0.7112230582370848,70.62999725341797,VTR,2.888108150069695,0.0408906734019437
2016-10-31,0.0,67.75,VTR,2.888108150069695,0.04262890258405454
2016-11-30,0.0,60.41999816894531,VTR,2.888108150069695,0.04780053355834303
2016-12-31,0.7971133764155061,62.52000045776367,VTR,2.957617802109304,0.0473067463284388
2017-01-31,0.0,61.66999816894531,VTR,2.9576178021093043,0.04795877882154129
2017-02-28,0.0,65.05000305175781,VTR,2.9576178021093043,0.04546683571645708
2017-03-31,0.7693897435611106,65.04000091552734,VTR,3.009285923552037,0.046268233105661194
2017-04-30,0.0,64.01000213623047,VTR,3.009285923552037,0.0470127452448364
2017-05-31,0.0,66.48999786376953,VTR,3.009285923552037,0.045259227255770446
2017-06-30,0.7867917814995679,69.4800033569336,VTR,3.0645179597132692,0.04410647397309679
2017-07-31,0.0,67.3499984741211,VTR,3.0645179597132692,0.04550138127903292
2017-08-31,0.0,68.44000244140625,VTR,3.0645179597132692,0.04477670734066534
2017-09-30,0.7827492302719953,65.12999725341797,VTR,3.1360441317481795,0.04815053376320544
2017-10-31,0.0,62.75,VTR,3.1360441317481795,0.04997679891232159
2017-11-30,0.0,64.01000213623047,VTR,3.1360441317481795,0.048993032761877366
2017-12-31,0.7948923146670291,60.0099983215332,VTR,3.133823069999703,0.05222168234714319
2018-01-31,0.0,55.970001220703125,VTR,3.133823069999703,0.05599112027248825
2018-02-28,0.0,48.31999969482422,VTR,3.133823069999703,0.0648556103019881
2018-03-31,0.7877856156257877,49.529998779296875,VTR,3.15221894206438,0.06364262103277056
2018-04-30,0.0,51.41999816894531,VTR,3.15221894206438,0.06130336550591588
2018-05-31,0.0,54.65999984741211,VTR,3.15221894206438,0.05766957465905705
2018-06-30,0.7941801919649665,56.95000076293945,VTR,3.1596073525297785,0.05548037419142427
2018-07-31,0.0,56.380001068115234,VTR,3.1596073525297785,0.056041278692288664
2018-08-31,0.0,59.869998931884766,VTR,3.1596073525297785,0.05277446816266898
2018-09-30,0.8079924293850435,54.380001068115234,VTR,3.184850551642827,0.05856657758526983
2018-10-31,0.0,58.040000915527344,VTR,3.184850551642827,0.05487337183674629
2018-11-30,0.0,63.4900016784668,VTR,3.184850551642827,0.05016302516058993
2018-12-31,0.7933027478659799,58.59000015258789,VTR,3.1832609848417777,0.05433113119220865
2019-01-31,0.0,64.48999786376953,VTR,3.1832609848417777,0.04936053791730908
2019-02-28,0.0,62.75,VTR,3.1832609848417777,0.05072925872257813
2019-03-31,0.7850447647931421,63.810001373291016,VTR,3.1805201340091322,0.04984359920951834
2019-04-30,0.0,61.11000061035156,VTR,3.1805201340091322,0.05204582068798698
2019-05-31,0.0,64.30000305175781,VTR,3.1805201340091322,0.04946376334459885
2019-06-30,0.7898066420206264,68.3499984741211,VTR,3.1761465840647922,0.04646886108223332
2019-07-31,0.0,67.29000091552734,VTR,3.1761465840647922,0.0472008699784679
2019-08-31,0.0,73.38999938964844,VTR,3.1761465840647922,0.04327764832374128
2019-09-30,0.7948894130645244,73.02999877929688,VTR,3.163043567744273,0.04331156539250768
2019-10-31,0.0,65.0999984741211,VTR,3.163043567744273,0.048587459936756575
2019-11-30,0.0,58.310001373291016,VTR,3.163043567744273,0.05424530086176794
2019-12-31,0.8006680303208703,57.7400016784668,VTR,3.170408850199163,0.054908360894307284
2020-01-31,0.0,57.86000061035156,VTR,3.170408850199163,0.05479448352497865
2020-02-29,0.0,53.77000045776367,VTR,3.170408850199163,0.05896241069756953
2020-03-31,0.7590970791538102,26.799999237060547,VTR,3.1444611645598313,0.11733064380880628
2020-04-30,0.0,32.349998474121094,VTR,3.1444611645598313,0.09720127705957371
2020-05-31,0.0,34.95000076293945,VTR,3.1444611645598313,0.089970274561315
2020-06-30,0.45459828430203536,36.619998931884766,VTR,2.80925280684124,0.07671362339651092
2020-07-31,0.0,38.36000061035156,VTR,2.80925280684124,0.07323390933636102
2020-08-31,0.0,41.209999084472656,VTR,2.80925280684124,0.06816920333055107
2020-09-30,0.4481813959519562,41.959999084472656,VTR,2.462544789728672,0.058687913333152084
2020-10-31,0.0,39.470001220703125,VTR,2.462544789728672,0.06239028917072843
2020-11-30,0.0,47.90999984741211,VTR,2.462544789728672,0.0513993904732122
2020-12-31,0.45584883202713616,49.040000915527344,VTR,2.117725591434938,0.04318363686580623
2021-01-31,0.0,46.06999969482422,VTR,2.117725591434938,0.04596756252361894
2021-02-28,0.0,52.900001525878906,VTR,2.117725591434938,0.040032618721172204
2021-03-31,0.44229380243621214,53.34000015258789,VTR,1.8009223147173397,0.03376307292023816
2021-04-30,0.0,55.459999084472656,VTR,1.8009223147173397,0.0324724548223361
2021-05-31,0.0,55.45000076293945,VTR,1.8009223147173397,0.03247831000790542
2021-06-30,0.44748955009509334,57.099998474121094,VTR,1.7938135805103979,0.03141529997279057
2021-07-31,0.0,59.779998779296875,VTR,1.7938135805103979,0.030006918988623916
2021-08-31,0.0,55.939998626708984,VTR,1.7938135805103979,0.03206674337767909
2021-09-30,0.44397383152634995,55.209999084472656,VTR,1.7896060160847915,0.032414527182778076
2021-10-31,0.0,53.369998931884766,VTR,1.7896060160847918,0.03353206018176683
2021-11-30,0.0,46.91999816894531,VTR,1.7896060160847918,0.03814164718508597
2021-12-31,0.45185609744181443,51.119998931884766,VTR,1.7856132814994699,0.034929838004862324
2022-01-31,0.0,53.02000045776367,VTR,1.7856132814994699,0.03367810762132885
2022-02-28,0.0,54.0,VTR,1.7856132814994699,0.03306691262036055
2022-03-31,0.44552359259180413,61.7599983215332,VTR,1.7888430716550618,0.028964428760862918
2022-04-30,0.0,55.54999923706055,VTR,1.7888430716550618,0.03220239597162088
2022-05-31,0.0,56.7400016784668,VTR,1.7888430716550618,0.03152701830697935
2022-06-30,0.45281977780313537,51.43000030517578,VTR,1.7941732993631039,0.03488573378799967
2022-07-31,0.0,53.779998779296875,VTR,1.7941732993631039,0.033361348830186065
2022-08-31,0.0,47.86000061035156,VTR,1.7941732993631039,0.03748794978023977
2022-09-30,0.46113572781758144,40.16999816894531,VTR,1.8113351956543353,0.045091742051774485
2022-10-31,0.0,39.130001068115234,VTR,1.8113351956543353,0.046290190294175255
2022-11-30,0.0,46.529998779296875,VTR,1.8113351956543353,0.03892833103748701
2022-12-31,0.4494073371920311,45.04999923706055,VTR,1.808886435404552,0.040152862731159936
2023-01-31,0.0,51.810001373291016,VTR,1.808886435404552,0.034913846505649104
2023-02-28,0.0,48.650001525878906,VTR,1.808886435404552,0.03718163162733576
2023-03-31,0.4432547025043993,43.349998474121094,VTR,1.8066175453171474,0.041675146687621095
2023-04-30,0.0,48.04999923706055,VTR,1.8066175453171471,0.03759870081171029
2023-05-31,0.0,43.13999938964844,VTR,1.8066175453171471,0.041878015087562795
2023-06-30,0.4509602859244451,47.27000045776367,VTR,1.8047580534384569,0.03817977651705399
2023-07-31,0.0,48.52000045776367,VTR,1.8047580534384569,0.03719616727970739
2023-08-31,0.0,43.68000030517578,VTR,1.8047580534384569,0.041317720714956256
2023-09-30,0.4540983308445315,42.130001068115234,VTR,1.797720656465407,0.04267079541628484
2023-10-31,0.0,42.459999084472656,VTR,1.797720656465407,0.042339159096280374
2023-11-30,0.0,45.84000015258789,VTR,1.797720656465407,0.039217291677166734
2023-12-31,0.4441243707150713,49.84000015258789,VTR,1.7924376899884473,0.0359638379715249
2024-01-31,0.0,46.38999938964844,VTR,1.7924376899884473,0.038638450389555636
2024-02-29,0.0,42.290000915527344,VTR,1.7924376899884473,0.04238443251795555
2024-03-31,0.45375125534985983,43.540000915527344,VTR,1.8029342428339077,0.041408686378574255
2024-04-30,0.0,44.279998779296875,VTR,1.8029342428339077,0.04071667327319056
2024-05-31,0.0,50.2599983215332,VTR,1.8029342428339077,0.035872150876325545
2024-06-30,0.0,51.2599983215332,VTR,1.3519739569094626,0.026374834201692277
2024-07-31,0.450606907692872,54.439998626708984,VTR,1.8025808646023347,0.03311133192641127
2024-08-31,0.0,62.11000061035156,VTR,1.8025808646023347,0.02902239328430964
2024-09-30,0.0,64.12999725341797,VTR,1.3484825337578032,0.021027328730876135
2024-10-31,0.45148545985544347,65.48999786376953,VTR,1.7999679936132467,0.027484624405660997
2024-11-30,0.0,64.06999969482422,VTR,1.7999679936132467,0.028093772470528883
2024-12-31,0.4564253757622332,58.88999938964844,VTR,1.8122689986604086,0.030773798903773898
2025-01-31,0.0,60.41999816894531,VTR,1.8122689986604086,0.029994522568388277
2025-02-28,0.0,69.18000030517578,VTR,1.8122689986604086,0.026196429469006834
2025-03-31,0.48337284371112293,68.76000213623047,VTR,1.8418905870216715,0.02678723865325707
2025-04-30,0.0,70.08000183105469,VTR,1.8418905870216715,0.02628268463037441
2025-05-31,0.0,64.27999877929688,VTR,1.8418905870216715,0.028654178935904127
2025-06-30,0.4857672688941908,63.150001525878906,VTR,2.3276578559158625,0.0368591892268124
2025-07-31,0.0,67.18000030517578,VTR,1.8770509482229905,0.027940621311345483
2025-08-31,0.0,68.08000183105469,VTR,1.8770509482229905,0.027571252904502328
2025-09-30,0.48887732472112594,69.98999786376953,VTR,2.3659282729441165,0.033803805474451144
2025-10-31,0.0,73.79000091552734,VTR,1.9144428130886728,0.025944474716571308
2025-11-30,0.0,80.62999725341797,VTR,1.9144428130886728,0.02374355547937859
2025-12-31,0.0,78.8499984741211,VTR,1.4580174373264396,0.018491026829949363
2015-01-31,0.0,81.94999694824219,WELL,0.0,0.0
2015-02-28,0.7887160639396535,77.11000061035156,WELL,0.7887160639396535,0.010228453607790181
2015-03-31,0.0,77.36000061035156,WELL,0.7887160639396535,0.010195398884654549
2015-04-30,0.0,72.0199966430664,WELL,0.7887160639396535,0.0109513482463566
2015-05-31,0.8427037591164658,70.26000213623047,WELL,1.6314198230561194,0.023219751970586077
2015-06-30,0.0,65.62999725341797,WELL,1.6314198230561194,0.02485783774691772
2015-07-31,0.0,69.37000274658203,WELL,1.6314198230561194,0.023517655448507275
2015-08-31,0.8291104686765538,63.349998474121094,WELL,2.460530291732673,0.038840258105733286
2015-09-30,0.0,67.72000122070312,WELL,2.460530291732673,0.03633387843147953
2015-10-31,0.0,64.87000274658203,WELL,2.460530291732673,0.03793017091959838
2015-11-30,0.7854251531779175,63.189998626708984,WELL,3.2459554449105905,0.05136818350140933
2015-12-31,0.0,68.02999877929688,WELL,3.2459554449105905,0.04771358963919915
2016-01-31,0.0,62.220001220703125,WELL,3.2459554449105905,0.05216900323413252
2016-02-29,0.863952827374799,63.779998779296875,WELL,3.321192208345736,0.05207262891048851
2016-03-31,0.0,69.33999633789062,WELL,3.321192208345736,0.04789720772642846
2016-04-30,0.0,69.41999816894531,WELL,3.321192208345736,0.04784200944896387
2016-05-31,0.8682664213602053,68.91000366210938,WELL,3.3467548705894754,0.048567039511415826
2016-06-30,0.0,76.16999816894531,WELL,3.3467548705894754,0.0439379670610778
2016-07-31,0.0,79.33000183105469,WELL,3.3467548705894754,0.042187757384865555
2016-08-31,0.8547251075349575,76.75,WELL,3.3723695094478794,0.043939667875542404
2016-09-30,0.0,74.7699966430664,WELL,3.3723695094478794,0.04510324543074066
2016-10-31,0.0,68.52999877929688,WELL,3.3723695094478794,0.04921012067005439
2016-11-30,0.8602643971183401,62.779998779296875,WELL,3.447208753388302,0.05490934725097664
2016-12-31,0.0,66.93000030517578,WELL,3.447208753388302,0.051504687549235297
2017-01-31,0.0,66.30000305175781,WELL,3.447208753388302,0.051994096451205306
2017-02-28,0.8694591496199804,70.37999725341797,WELL,3.452715075633483,0.04905818713236457
2017-03-31,0.0,70.81999969482422,WELL,3.452715075633483,0.048753390151254405
2017-04-30,0.0,71.44000244140625,WELL,3.452715075633483,0.04833027656270498
2017-05-31,0.8802163512489288,72.54000091552734,WELL,3.464665005522207,0.047762130711258205
2017-06-30,0.0,74.8499984741211,WELL,3.464665005522207,0.04628811056983645
2017-07-31,0.0,73.38999938964844,WELL,3.464665005522207,0.04720895264118088
2017-08-31,0.8656550004715656,73.22000122070312,WELL,3.475594898458815,0.04746783447848513
2017-09-30,0.0,70.27999877929688,WELL,3.475594898458815,0.049453542385129605
2017-10-31,0.0,66.95999908447266,WELL,3.475594898458815,0.051905539814512486
2017-11-30,0.8793153936569486,67.45999908447266,WELL,3.4946458949974235,0.05180323069114583
2017-12-31,0.0,63.77000045776367,WELL,3.4946458949974235,0.054800782027781346
2018-01-31,0.0,59.970001220703125,WELL,3.4946458949974235,0.058273233681225695
2018-02-28,0.8645798322355923,52.5,WELL,3.4897665776130355,0.06647174433548639
2018-03-31,0.0,54.43000030517578,WELL,3.4897665776130355,0.0641147631461834
2018-04-30,0.0,53.439998626708984,WELL,3.4897665776130355,0.06530251997178892
2018-05-31,0.8762959293518127,57.650001525878906,WELL,3.4858461557159193,0.06046567326023632
2018-06-30,0.0,62.689998626708984,WELL,3.4858461557159193,0.05560450202707102
2018-07-31,0.0,62.599998474121094,WELL,3.4858461557159193,0.05568444473935526
2018-08-31,0.8690363418620418,66.70999908447266,WELL,3.4892274971063952,0.05230441530493955
2018-09-30,0.0,64.31999969482422,WELL,3.4892274971063952,0.05424794019996195
2018-10-31,0.0,66.06999969482422,WELL,3.4892274971063952,0.05281107179087415
2018-11-30,0.8744552218082744,72.33000183105469,WELL,3.484367325257721,0.048173195590349306
2018-12-31,0.0,69.41000366210938,WELL,3.484367325257721,0.05019978593027826
2019-01-31,0.0,77.48999786376953,WELL,3.484367325257721,0.04496538161458433
2019-02-28,0.8648782997498584,74.30999755859375,WELL,3.4846657927719873,0.04689363352521057
2019-03-31,0.0,77.5999984741211,WELL,3.4846657927719873,0.0449054879032516
2019-04-30,0.0,74.52999877929688,WELL,3.4846657927719873,0.04675521065136481
2019-05-31,0.8816917768740259,81.22000122070312,WELL,3.4900616402942006,0.042970470177788885
2019-06-30,0.0,81.52999877929688,WELL,3.4900616402942006,0.04280708564392179
2019-07-31,0.0,83.12000274658203,WELL,3.4900616402942006,0.041988228163740225
2019-08-31,0.8657975812705703,89.55999755859375,WELL,3.486822879702729,0.03893281570738665
2019-09-30,0.0,90.6500015258789,WELL,3.486822879702729,0.03846467535587746
2019-10-31,0.0,90.69000244140624,WELL,3.486822879702729,0.03844770962439355
2019-11-30,0.8705400897628901,84.56999969482422,WELL,3.4829077476573445,0.04118372661967152
2019-12-31,0.0,81.77999877929688,WELL,3.482907747657345,0.04258874785577846
2020-01-31,0.0,84.91000366210938,WELL,3.482907747657345,0.04101881518598466
2020-02-29,0.8695945152717225,74.81999969482422,WELL,3.4876239631792085,0.04661352549324416
2020-03-31,0.0,45.779998779296875,WELL,3.4876239631792085,0.0761822642240091
2020-04-30,0.0,51.22999954223633,WELL,3.4876239631792085,0.06807776682300873
2020-05-31,0.6875462269410105,50.66999816894531,WELL,3.2934784132461936,0.06499858954533581
2020-06-30,0.0,51.75,WELL,3.293478413246193,0.06364209494195543
2020-07-31,0.0,53.560001373291016,WELL,3.293478413246193,0.06149138029874222
2020-08-31,0.6082523095898424,57.52000045776367,WELL,3.0359331415654656,0.05278047839715716
2020-09-30,0.0,55.09000015258789,WELL,3.0359331415654656,0.05510860651945107
2020-10-31,0.0,53.77000045776367,WELL,3.0359331415654656,0.05646146765332819
2020-11-30,0.7407977815380432,62.97999954223633,WELL,2.906190833340619,0.046144662662177975
2020-12-31,0.0,64.62000274658203,WELL,2.906190833340619,0.04497354858893653
2021-01-31,0.0,60.599998474121094,WELL,2.906190833340619,0.047956945652097537
2021-02-28,0.6174896276265519,67.9000015258789,WELL,2.6540859456954484,0.03908815737925852
2021-03-31,0.0,71.62999725341797,WELL,2.6540859456954484,0.03705271600535771
2021-04-30,0.0,75.02999877929688,WELL,2.6540859456954484,0.03537366371952806
2021-05-31,0.6118243866106263,74.7699966430664,WELL,2.578364105365064,0.0344839403654589
2021-06-30,0.0,83.0999984741211,WELL,2.578364105365064,0.031027246121647225
2021-07-31,0.0,86.86000061035156,WELL,2.578364105365064,0.02968413639474217
2021-08-31,0.6065365250517893,87.52999877929688,WELL,2.576648320827011,0.02943731699715795
2021-09-30,0.0,82.4000015258789,WELL,2.576648320827011,0.031270003314475395
2021-10-31,0.0,80.4000015258789,WELL,2.576648320827011,0.03204786407867974
2021-11-30,0.6048975390577918,79.62000274658203,WELL,2.4407480783467594,0.030654960991589982
2021-12-31,0.0,85.7699966430664,WELL,2.4407480783467594,0.028456898377925588
2022-01-31,0.0,86.62999725341797,WELL,2.4407480783467594,0.028174398657855898
2022-02-28,0.6069945174379682,83.29000091552734,WELL,2.4302529681581757,0.029178207965478792
2022-03-31,0.0,96.13999938964844,WELL,2.4302529681581757,0.02527827110034125
2022-04-30,0.0,90.80999755859376,WELL,2.4302529681581757,0.026761953898193778
2022-05-31,0.6114470583680467,89.08999633789062,WELL,2.429875639915596,0.02727439375684599
2022-06-30,0.0,82.3499984741211,WELL,2.429875639915596,0.02950668712737374
2022-07-31,0.0,86.33999633789062,WELL,2.429875639915596,0.02814310566340893
2022-08-31,0.6113025988043841,76.6500015258789,WELL,2.434641713668191,0.03176310065494515
2022-09-30,0.0,64.31999969482422,WELL,2.434641713668191,0.03785201687219698
2022-10-31,0.0,61.040000915527344,WELL,2.434641713668191,0.03988600388518125
2022-11-30,0.6021339267078727,71.02999877929688,WELL,2.4318781013182718,0.034237338351568315
2022-12-31,0.0,65.55000305175781,WELL,2.4318781013182718,0.03709958791913523
2023-01-31,0.0,75.04000091552734,WELL,2.4318781013182718,0.03240775681833801
2023-02-28,0.6100919137817754,74.12000274658203,WELL,2.4349754976620788,0.03285179988440253
2023-03-31,0.0,71.69000244140625,WELL,2.4349754976620788,0.033965342652237114
2023-04-30,0.0,79.22000122070312,WELL,2.4349754976620788,0.030736877810420046
2023-05-31,0.6211524602620039,74.61000061035156,WELL,2.4446808995560363,0.03276612893120464
2023-06-30,0.0,80.88999938964844,WELL,2.4446808995560363,0.030222288515295553
2023-07-31,0.0,82.1500015258789,WELL,2.4446808995560363,0.029758744420545293
2023-08-31,0.6145992754943886,82.87999725341797,WELL,2.447977576246041,0.029536409958617445
2023-09-30,0.0,81.91999816894531,WELL,2.447977576246041,0.029882539440461486
2023-10-31,0.0,83.61000061035156,WELL,2.447977576246041,0.029278525994209388
2023-11-30,0.6107188783650084,89.0999984741211,WELL,2.456562527903176,0.027570848147844575
2023-12-31,0.0,90.16999816894533,WELL,2.456562527903176,0.027243679469755384
2024-01-31,0.0,86.51000213623047,WELL,2.456562527903176,0.02839628328796868
2024-02-29,0.6111765242680698,92.16000366210938,WELL,2.4576471383894707,0.026667177091269003
2024-03-31,0.0,93.44000244140624,WELL,2.4576471383894707,0.026301873653423718
2024-04-30,0.0,95.27999877929688,WELL,2.4576471383894707,0.02579394594748343
2024-05-31,0.6117452818570827,103.66999816894533,WELL,2.4482399599845492,0.023615703706242826
2024-06-30,0.0,104.25,WELL,2.4482399599845492,0.023484316162921334
2024-07-31,0.0,111.25,WELL,2.4482399599845492,0.022006651325703813
2024-08-31,0.6693648200008323,120.68000030517578,WELL,2.503005504490993,0.02074084768115171
2024-09-30,0.0,128.02999877929688,WELL,2.503005504490993,0.019550148624196833
2024-10-31,0.0,134.8800048828125,WELL,2.503005504490993,0.018557276200172692
2024-11-30,0.6682893434109931,138.17999267578125,WELL,2.560575969536978,0.01853072879765588
2024-12-31,0.0,126.02999877929688,WELL,2.560575969536978,0.02031719427388908
2025-01-31,0.0,136.47999572753906,WELL,2.560575969536978,0.018761547843603153
2025-02-28,0.6779127883931091,153.50999450683594,WELL,2.627312233662017,0.017114926243743826
2025-03-31,0.0,153.2100067138672,WELL,2.627312233662017,0.017148437559752528
2025-04-30,0.0,152.58999633789062,WELL,2.627312233662017,0.01721811584452874
2025-05-31,0.6643865834765122,154.27999877929688,WELL,2.679953535281447,0.017370712707323894
2025-06-30,0.0,153.72999572753906,WELL,2.679953535281447,0.017432860272963386
2025-07-31,0.0,165.07000732421875,WELL,2.679953535281447,0.01623525423378502
2025-08-31,0.728927180548312,168.27999877929688,WELL,2.7395158958289265,0.01627950983896705
2025-09-30,0.0,178.13999938964844,WELL,2.7395158958289265,0.015378443388431478
2025-10-31,0.0,181.0399932861328,WELL,2.7395158958289265,0.01513210338833329
2025-11-30,0.7460447818836495,208.22000122070312,WELL,2.8172713343015827,0.013530262788325562
2025-12-31,0.0,188.0,WELL,2.8172713343015827,0.014985485820753099
2015-10-31,0.0,30.950000762939453,XLRE,0.0,0.0
2015-11-30,0.0,30.75,XLRE,0.0,0.0
2015-12-31,0.3355872004495315,31.18400001525879,XLRE,0.3355872004495315,0.010761518736702275
2016-01-31,0.0,29.190000534057617,XLRE,0.3355872004495315,0.011496649342571372
2016-02-29,0.0,29.329999923706055,XLRE,0.3355872004495315,0.011441772973831213
2016-03-31,0.3008716560019274,32.15999984741211,XLRE,0.6364588564514588,0.019790387421369165
2016-04-30,0.0,31.3799991607666,XLRE,0.6364588564514588,0.020282309543436915
2016-05-31,0.0,31.920000076293945,XLRE,0.6364588564514588,0.01993918718453069
2016-06-30,0.2655760078808958,33.59000015258789,XLRE,0.9020348643323547,0.02685426794387373
2016-07-31,0.0,34.678001403808594,XLRE,0.9020348643323547,0.02601173158246907
2016-08-31,0.0,33.380001068115234,XLRE,0.9020348643323547,0.027023212566460446
2016-09-30,0.1788926439348179,32.77000045776367,XLRE,1.0809275082671725,0.03298527595873395
2016-10-31,0.0,30.950000762939453,XLRE,1.0809275082671725,0.03492495901846667
2016-11-30,0.0,30.010000228881836,XLRE,1.0809275082671725,0.03601891036398194
2016-12-31,0.5587243660303378,30.75,XLRE,1.3040646738479789,0.042408607279609066
2017-01-31,0.0,30.709999084472656,XLRE,1.3040646738479789,0.042463846067235134
2017-02-28,0.0,32.13999938964844,XLRE,1.3040646738479789,0.04057450835758225
2017-03-31,0.19836729380619153,31.600000381469727,XLRE,1.201560311652243,0.038024060036304284
2017-04-30,0.0,31.649999618530273,XLRE,1.201560311652243,0.03796399134705708
2017-05-31,0.0,31.86000061035156,XLRE,1.201560311652243,0.03771375670538584
2017-06-30,0.2718441122296535,32.20000076293945,XLRE,1.2078284160010007,0.03751019836593138
2017-07-31,0.0,32.59000015258789,XLRE,1.2078284160010007,0.037061319740591965
2017-08-31,0.0,32.91999816894531,XLRE,1.2078284160010007,0.03668980811610103
2017-09-30,0.23683635130644337,32.2400016784668,XLRE,1.265772123372626,0.03926091989685098
2017-10-31,0.0,32.5,XLRE,1.265772123372626,0.03894683456531157
2017-11-30,0.0,33.45000076293945,XLRE,1.265772123372626,0.037840720313974514
2017-12-31,0.36616287722848967,32.939998626708984,XLRE,1.073210634570778,0.032580773506789965
2018-01-31,0.0,32.310001373291016,XLRE,1.073210634570778,0.03321605041644922
2018-02-28,0.0,30.11000061035156,XLRE,1.073210634570778,0.03564299610813749
2018-03-31,0.18396364188100922,31.079999923706055,XLRE,1.0588069826455957,0.034067148817397454
2018-04-30,0.0,30.88999938964844,XLRE,1.0588069826455957,0.03427669160137351
2018-05-31,0.0,31.579999923706055,XLRE,1.0588069826455957,0.03352777027243704
2018-06-30,0.26856700957201474,32.709999084472656,XLRE,1.0555298799879569,0.032269333828536056
2018-07-31,0.0,33.04999923706055,XLRE,1.0555298799879569,0.03193736473083911
2018-08-31,0.0,33.849998474121094,XLRE,1.0555298799879569,0.031182568022711365
2018-09-30,0.3499984741210946,32.61000061035156,XLRE,1.1686920028026082,0.03583845387698718
2018-10-31,0.0,32.09000015258789,XLRE,1.1686920028026082,0.03641919592538111
2018-11-30,0.0,33.849998474121094,XLRE,1.1686920028026082,0.03452561463765186
2018-12-31,0.363355662046397,31.0,XLRE,1.1658847876205154,0.03760918669743598
2019-01-31,0.0,34.33000183105469,XLRE,1.1658847876205154,0.03396110473160138
2019-02-28,0.0,34.709999084472656,XLRE,1.1658847876205154,0.033589306204910505
2019-03-31,0.203167216049889,36.220001220703125,XLRE,1.1850883617893953,0.03271916957065165
2019-04-30,0.0,36.029998779296875,XLRE,1.1850883617893953,0.0328917125156928
2019-05-31,0.0,36.470001220703125,XLRE,1.1850883617893953,0.032494881330485115
2019-06-30,0.2996175334961224,36.77000045776367,XLRE,1.216138885713503,0.033074214592693205
2019-07-31,0.0,37.40999984741211,XLRE,1.216138885713503,0.03250839055530312
2019-08-31,0.0,39.209999084472656,XLRE,1.216138885713503,0.031016039635540303
2019-09-30,0.26188421440287657,39.34000015258789,XLRE,1.1280246259952849,0.028673732120488574
2019-10-31,0.0,39.33000183105469,XLRE,1.1280246259952849,0.028681021446192882
2019-11-30,0.0,38.650001525878906,XLRE,1.1280246259952849,0.02918562953328715
2019-12-31,0.41620190565498505,38.66999816894531,XLRE,1.180870869603873,0.030537132803698814
2020-01-31,0.0,39.22999954223633,XLRE,1.180870869603873,0.03010122058075754
2020-02-29,0.0,36.790000915527344,XLRE,1.180870869603873,0.03209760370257241
2020-03-31,0.19077785509505094,31.0,XLRE,1.1684815086490348,0.037692951891904344
2020-04-30,0.0,33.91999816894531,XLRE,1.1684815086490348,0.03444815954379418
2020-05-31,0.0,34.650001525878906,XLRE,1.1684815086490348,0.03372240857699056
2020-06-30,0.2692303017205054,34.810001373291016,XLRE,1.1380942768734177,0.03269446228021851
2020-07-31,0.0,36.2599983215332,XLRE,1.1380942768734177,0.03138704714714656
2020-08-31,0.0,36.25,XLRE,1.1380942768734177,0.031395704189611524
2020-09-30,0.20729980961541444,35.27000045776367,XLRE,1.0835098720859557,0.030720438276814716
2020-10-31,0.0,34.150001525878906,XLRE,1.0835098720859557,0.031727959697596814
2020-11-30,0.0,36.5,XLRE,1.0835098720859557,0.029685201974957692
2020-12-31,0.461808983912938,36.560001373291016,XLRE,1.1291169503439087,0.030883941683021582
2021-01-31,0.0,36.7599983215332,XLRE,1.1291169503439087,0.030715914088671126
2021-02-28,0.0,37.34000015258789,XLRE,1.1291169503439087,0.03023880411702821
2021-03-31,0.38620912544282526,39.4900016784668,XLRE,1.324548220691683,0.03354135640399164
2021-04-30,0.0,42.77000045776367,XLRE,1.324548220691683,0.03096909531248904
2021-05-31,0.0,43.2599983215332,XLRE,1.324548220691683,0.03061831419518046
2021-06-30,0.29065766127667064,44.33000183105469,XLRE,1.3459755802478481,0.030362633084868182
2021-07-31,0.0,46.380001068115234,XLRE,1.3459755802478481,0.029020602614284182
2021-08-31,0.0,47.68000030517578,XLRE,1.3459755802478481,0.028229353431898765
2021-09-30,0.25919606522955685,44.45000076293945,XLRE,1.3978718358619906,0.03144818474395793
2021-10-31,0.0,47.81999969482422,XLRE,1.3978718358619906,0.0292319499118125
2021-11-30,0.0,47.38999938964844,XLRE,1.3978718358619906,0.029497190417084762
2021-12-31,0.4222195855657908,51.810001373291016,XLRE,1.3582824375148435,0.02621660686183773
2022-01-31,0.0,47.34000015258789,XLRE,1.3582824375148435,0.028692066606184653
2022-02-28,0.0,45.06999969482422,XLRE,1.3582824375148435,0.03013717432243131
2022-03-31,0.26762445341658225,48.31999969482422,XLRE,1.2396977654886006,0.025655996964366504
2022-04-30,0.0,46.599998474121094,XLRE,1.2396977654886006,0.02660295721204918
2022-05-31,0.0,44.220001220703125,XLRE,1.2396977654886006,0.02803477456504893
2022-06-30,0.31781834834362666,40.86000061035156,XLRE,1.2668584525555564,0.031004856427598967
2022-07-31,0.0,44.34000015258789,XLRE,1.2668584525555564,0.028571458010732926
2022-08-31,0.0,41.849998474121094,XLRE,1.2668584525555564,0.030271409766930994
2022-09-30,0.3633098430871329,36.0099983215332,XLRE,1.3709722304131324,0.03807198817871981
2022-10-31,0.0,36.72999954223633,XLRE,1.3709722304131324,0.03732568057444795
2022-11-30,0.0,39.2400016784668,XLRE,1.3709722304131324,0.0349381287403324
2022-12-31,0.41602071239657534,36.93000030517578,XLRE,1.364773357243917,0.03695568226281987
2023-01-31,0.0,40.59000015258789,XLRE,1.364773357243917,0.03362338881777273
2023-02-28,0.0,38.209999084472656,XLRE,1.364773357243917,0.03571770190904082
2023-03-31,0.258739523614834,37.380001068115234,XLRE,1.3558884274421688,0.03627309761097701
2023-04-30,0.0,37.75,XLRE,1.3558884274421688,0.03591757423687864
2023-05-31,0.0,36.040000915527344,XLRE,1.3558884274421688,0.03762176451160973
2023-06-30,0.3551494232377034,37.689998626708984,XLRE,1.3932195023362455,0.036965230912715974
2023-07-31,0.0,38.189998626708984,XLRE,1.3932195023362455,0.03648126610200682
2023-08-31,0.0,37.02000045776367,XLRE,1.3932195023362455,0.03763423784734356
2023-09-30,0.2884566023307372,34.06999969482422,XLRE,1.3183662615798497,0.038695810783354094
2023-10-31,0.0,33.099998474121094,XLRE,1.3183662615798497,0.03982979825846824
2023-11-30,0.0,37.22999954223633,XLRE,1.3183662615798497,0.035411396126508204
2023-12-31,0.41983747315434083,40.060001373291016,XLRE,1.3221830223376152,0.03300506682506374
2024-01-31,0.0,38.130001068115234,XLRE,1.3221830223376152,0.0346756618227121
2024-02-29,0.0,39.11000061035156,XLRE,1.3221830223376152,0.03380677580423413
2024-03-31,0.2639511956268754,39.529998779296875,XLRE,1.3273946943496566,0.03357942664660176
2024-04-30,0.0,36.189998626708984,XLRE,1.3273946943496566,0.03667849529483019
2024-05-31,0.0,38.04999923706055,XLRE,1.3273946943496566,0.034885538001713796
2024-06-30,0.389610274006243,38.40999984741211,XLRE,1.3618555451181964,0.035455755025470326
2024-07-31,0.0,41.189998626708984,XLRE,1.3618555451181964,0.03306277228752135
2024-08-31,0.0,43.54999923706055,XLRE,1.3618555451181964,0.03127108080312601
2024-09-30,0.3144420460035429,44.66999816894531,XLRE,1.387840988791002,0.031068749623451568
2024-10-31,0.0,43.20000076293945,XLRE,1.387840988791002,0.03212594824724187
2024-11-30,0.0,45.0,XLRE,1.387840988791002,0.030840910862022265
2024-12-31,0.43597733511905623,40.66999816894531,XLRE,1.4039808507557174,0.03452129122119719
2025-01-31,0.0,41.41999816894531,XLRE,1.4039808507557174,0.03389620745585531
2025-02-28,0.0,43.150001525878906,XLRE,1.4039808507557174,0.032537214394156855
2025-03-31,0.26767716402959185,41.849998474121094,XLRE,1.4077068191584339,0.033636962257690924
2025-04-30,0.0,41.29999923706055,XLRE,1.4077068191584339,0.0340849115051612
2025-05-31,0.0,41.72999954223633,XLRE,1.4077068191584339,0.03373368882340022
2025-06-30,0.380474314690938,41.41999816894531,XLRE,1.3985708598431288,0.03376559443915449
2025-07-31,0.0,41.40999984741211,XLRE,1.398570859843129,0.03377374704169509
2025-08-31,0.0,42.310001373291016,XLRE,1.398570859843129,0.0330553253237662
2025-09-30,0.3180409119644711,42.130001068115234,XLRE,1.402169725804057,0.03328197698208095
2025-10-31,0.0,40.900001525878906,XLRE,1.402169725804057,0.03428287710250704
2025-11-30,0.0,41.66999816894531,XLRE,1.402169725804057,0.033649382947394224
2025-12-31,0.43923600529008616,40.720001220703125,XLRE,1.405428395975087,0.034514448768251264
